genre	filename	year	id	score	sentence1	sentence2
Con-captions	Const	2024	0001	5.000	간이 콘크리트	소규모의 문, 담장 등 거주의 용도로 사용하지 않는 경미한 구조물 및 경미한 기계받침 등으로 사용하는 콘크리트
Con-captions	Const	2024	0002	5.000	고내구성 콘크리트	특히 높은 내구성을 필요로 하는 철근콘크리트조 건축물에 사용하는 콘크리트
Con-captions	Const	2024	0003	5.000	동결융해작용을 받는 콘크리트	건축물에서 동결융해작용에 의해 동해를 일으킬 우려가 있는 부분의 콘크리트
Con-captions	Const	2024	0004	5.000	무근 콘크리트	철근으로 보강하지 않는 콘크리트
Con-captions	Const	2024	0005	5.000	발주자 대리인	건축물의 건축·대수선·용도변경, 건축설비의 설치 또는 공작물의 축조에 관한 공사에서 발주자의 권한을 위임받은 자로서 그 권한의 범위를 서면으로 위임받은 자
Con-captions	Const	2024	0006	5.000	원자력발전소 콘크리트	원자력 발전소 부지 내에 건설되는 철근콘크리트조 건축물 및 관련 시설물에 사용하는 콘크리트
Con-captions	Const	2024	0007	5.000	동결융해작용	물질 내부에 존재하는 수분의 반복적인 동결과 융해로 인해 토양이나 암석에서 발생하는 다양한 효과 
Con-captions	Const	2024	0008	5.000	경사 서포트(prop support)	벽체나 기둥의 조립에 사용되는 강관 형상의 제품으로, 프리캐스트 콘크리트 제품 측면에 경사지게 설치하고 조립 정밀도를 확보하기 위해 미세 조정이 가능한 서포트
Con-captions	Const	2024	0009	5.000	고무지수재(rubber strip)	고무 아스팔트 재질을 가지며 프리캐스트 벽 부재에 의해 가압, 압밀되어 지수효과를 가지는 실링재
Con-captions	Const	2024	0010	5.000	고정철물(hardware)	철근콘크리트 및 프리캐스트 콘크리트 제품의 접합, 이음 및 매설 등에 사용되는 철물의 총칭
Con-captions	Const	2024	0011	5.000	공작도면(shop drawing)	프리캐스트 콘크리트 제품과 부속 연결철물, 프리캐스트 콘크리트의 생산과 현장 조립 등을 나타내는 도면
Con-captions	Const	2024	0012	5.000	공장조립(fabrication)	공장에서 제품의 조립이나 시공에 필요한 매설철물 등을 이용하여 가공 조립하는 것
Con-captions	Const	2024	0013	5.000	기계적 이음(mechanical connection)	철근을 직접 서로 연결하는 방법으로 나사 커플러 방식, 슬리브 내부충전방식 등이 있음
Con-captions	Const	2024	0014	5.000	깔모르타르(pad mortar)	상부 프리캐스트 콘크리트 제품의 높낮이를 조정하기 위해서 설치하는 모르타르로서 상부 프리캐스트 콘크리트 제품에 발생하는 축응력 등을 하부로 전달하여 구조내력상 중요한 역할을 함.
Con-captions	Const	2024	0015	5.000	비활동성 접합부(non working joint)	방수의 관점에서, 지진이 발생할 때 층간 변위 등에 의해 줄눈에 상대 변형이 발생하여 줄눈의 폭이 늘어나거나 줄어들지 않는 접합부
Con-captions	Const	2024	0016	5.000	설계기준압축강도 (specified compressive strength)	철근콘크리트 부재를 설계할 때 기준이 되는 콘크리트의 압축강도
Con-captions	Const	2024	0017	5.000	성형(molding)	굳지 않은 콘크리트를 거푸집에 채워 넣고 다져서 프리캐스트 콘크리트의 모양을 만드는 것
Con-captions	Const	2024	0018	5.000	수직접합부(vertical joint)	동일 층에 있어서 인접하는 벽판 상호간을 연결하는 수직방향의 접합부
Con-captions	Const	2024	0019	5.000	수평접합부(horizontal joint)	상하층의 내력벽 상호간, 내력벽과 바닥판, 동일층의 바닥판 상호간을 연결하는 수평방향의 접합부
Con-captions	Const	2024	0020	5.000	슬리브 이음(sleeve connection)	속이 빈 강재 원통관 속에 돌출된 철근을 위치시키고 무수축 그라우트를 주입하여 두 철근을 연결하는 기계적 이음 방법
Con-captions	Const	2024	0021	5.000	실링재(sealing)	프리캐스트 콘크리트 제품 사이 또는 프리캐스트 콘크리트 제품과 인접한 재료사이의 접합부에 주로 방수를 위하여 채우는 재료의 총칭
Con-captions	Const	2024	0022	5.000	인서트(insert)	어떤 장치나 시설물을 연결하기 위하여 제품내부에 매설하는 부품
Con-captions	Const	2024	0023	5.000	접합부 콘크리트(joint concrete)	프리캐스트 콘크리트 제품의 접합부에 사용되는 현장타설 콘크리트
Con-captions	Const	2024	0024	5.000	증기 양생(steam curing)	높은 온도의 수증기 속에서 실시하는 촉진 양생
Con-captions	Const	2024	0025	5.000	촉진 양생(accelerated curing)	온도를 높게 하거나 높은 압력을 가하여 콘크리트의 경화나 강도의 발현을 빠르게 하는 양생
Con-captions	Const	2024	0026	5.000	충전 모르타르(joint mortar)	프리캐스트 콘크리트 제품 사이에 충전되거나 철근 용접용 포켓 등에 충전되는 모르타르
Con-captions	Const	2024	0027	5.000	충전 콘크리트(infilled concrete)	프리캐스트 콘크리트 벽체의 수직접합부 또는 프리캐스트 콘크리트 슬래브와 슬래브 사이 등 좁고 긴 형상의 접합부에 사용되는 콘크리트
Con-captions	Const	2024	0028	5.000	탈형(stripping)	콘크리트를 부어 넣은 후 일정한 기간이 경과한 다음, 거푸집으로부터 프리캐스트 콘크리트 제품을 떼어내는 공정
Con-captions	Const	2024	0029	5.000	탈형 강도(stripping strength)	탈형할 때의 콘크리트 압축강도로서 탈형 후 제품의 손상 방지나 응력의 원활한 전달을 위해 필요한 강도
Con-captions	Const	2024	0030	5.000	프리캐스트 콘크리트 제품(precast concrete product)	관리된 공장에서 제조되는 프리캐스트 콘크리트 제품
Con-captions	Const	2024	0031	5.000	품질기준강도(quality guaranteed compressive strength of concrete)	구조계산에서 정해진 설계기준압축강도와 내구성 설계를 반영한 내구성기준압축강도 중에서 큰 값 
Con-captions	Const	2024	0032	5.000	책임기술자(supervisor)	강구조 공사에 관한 전문지식을 가지고 강구조 공사의 설계 및 시공에 대하여 책임을 가지고 있는 자 또는 책임자로부터 각 공사에 대하여 책임의 일부분을 부담 받은 자로서, 정부가 임명한 기술담당 공무원 또는 그의 대리인이거나 건축법, 주택법 상의 감리원과 건설기술진흥법 상의 건설사업관리기술자 또는 발주자가 지정한 감독자나 감독 보조원을 의미한다.
Con-captions	Const	2024	0033	5.000	용접절차인정기록서(Procedure Qualification Record, PQR)	WPS의 근거자료로 용접절차시험(PQ-Test)의 측정기록 및 결과서를 말한다.
Con-captions	Const	2024	0034	5.000	용접절차시방서(Welding Procedure Specification, WPS)	규격 및 기술기준에 의해 용접이 될 수 있도록 작업자에게 알맞은 용접작업 지침을 제공하는 절차시방서를 말한다.
Con-captions	Const	2024	0035	5.000	강재앵커	합성보나 합성기둥에서 철근콘크리트와 강재 사이의 미끄럼을 방지하고 전단력을  전달하도록 강재에 용접되고 콘크리트 속에 매입된 스터드, ㄷ형강, 플레이트 또는  다른 형태의 강재로서 수평 및 수직력에 저항하는 요소
Con-captions	Const	2024	0036	5.000	강·콘크리트 합성구조	강재 단일부재 혹은 조립부재를 철근콘크리트 속에 배치하거나 일부만 콘크리트와 연결하여 외부를 감싸게 하고 강재와 철근콘크리트가 합성으로 외력에 저항하는 구조
Con-captions	Const	2024	0037	5.000	강합성 접합부	합성기둥과 합성보 접합부의 강도, 강성이 충분하여 각 부재의 전소성모멘트 이상의 모멘트강도를 갖는 접합부
Con-captions	Const	2024	0038	5.000	매입형 합성기둥	강재 단일부재 혹은 조립부재를 철근콘크리트 속에 매입하거나 강재의 외부를 철근콘크리트로 감싸서 강재와 철근콘크리트가 합성으로 거동하여 외력에 저항하는 기둥부재
Con-captions	Const	2024	0039	5.000	스터드앵커	콘크리트와 강재사이의 연결재로서 볼트형상으로 제작되어 콘크리트에 매립되고 몸통하부가 강재에 용접되어 전단력 및 인장력에 효과적으로 저항하며, 스터드커넥터라고도 함
Con-captions	Const	2024	0040	5.000	완전합성보	충분한 개수의 전단연결재를 사용하여 합성단면의 공칭소성휨강도를 발휘하는  합성보
Con-captions	Const	2024	0041	5.000	콘크리트충전강관(Concrete Filled Tube, CFT)	원형강관 또는 각형강관 속에 콘크리트를 충전한  것으로 기둥부재에 쓰임
Con-captions	Const	2024	0042	5.000	충전형 합성기둥	콘크리트로 충전된 사각 또는 원형강관으로 이루어진 합성기둥
Con-captions	Const	2024	0043	5.000	충전형 합성보	콘크리트로 충전된 사각 또는 원형강관으로 이루어진 합성보
Con-captions	Const	2024	0044	5.000	합성기둥	철근콘크리트로 피복된 강재단면이나 철근콘크리트로 충전된 강관단면을 사용한  기둥
Con-captions	Const	2024	0045	5.000	합성보	강재보가 슬래브와 연결되어 하나의 구조물로 구조적 거동을 할 수 있는 보로서 노출형합성보, 매입형합성보, 부분매입형합성보, 충전형합성보가 있음
Con-captions	Const	2024	0046	5.000	갈라짐	나무가 생장과정에서 응력을 받거나 건조과정에서 방향에 따른 수축률의 차이로 인하여 목재조직 사이가 벌어진 결함
Con-captions	Const	2024	0047	5.000	겹처마	서까래와 부연을 한꺼번에 구성한 처마
Con-captions	Const	2024	0048	5.000	고주(高柱)	건물 바깥 기둥 안쪽으로 내부에 세우는 높은 기둥
Con-captions	Const	2024	0049	5.000	곡연(曲椽)	선자서까래
Con-captions	Const	2024	0050	5.000	굴도리	도리가 둥근 나무로 만들어진 것으로 납도리의 대칭
Con-captions	Const	2024	0051	5.000	귀기둥	집의 네 귀 모퉁이에 서 있는 기둥
Con-captions	Const	2024	0052	5.000	기둥	주초 위에 세워 보⋅도리 등을 받치는 둥글거나 네모진 굵은 나무
Con-captions	Const	2024	0053	5.000	 대들보(大樑)	기둥 사이에 건너지르는 여러 개의 보 중에서 가장 기본이 되는 큰 보 도구
Con-captions	Const	2024	0054	5.000	보수	유지관리에 포함되는 행위의 일부로서 기존 건축물의 소모적인 부품과 재료의 교체, 나사 재조임, 주유 등의 조치와 기능 회복을 위하여 먼지나 얼룩 등을 제거하는 작업
Con-captions	Const	2024	0055	5.000	유지관리	일반적으로 수리, 갱신, 점검보수, 운전, 청소 등을 포함하여 기존 건축물의 초기 성능과 기능을 유지하기 위한 행위
Con-captions	Const	2024	0056	5.000	접합	두 개 이상의 부재를 못, 철물, 접착제 또는 짜맞춤 등으로 연결하는 작업
Con-captions	Const	2024	0057	5.000	접합철물	두 개 이상의 부재를 접합하기 위해 사용되는 평강판과 걸쇠철물, 연마철물 등의 금속제품
Con-captions	Const	2024	0058	5.000	제재목	각재, 판재 및 원주재를 포함하며 길이를 따라 단면의 형상과 크기가 균일한 목재
Con-captions	Const	2024	0059	5.000	조임쇠	두 개 이상의 부재를 서로 밀착되도록 접합시키기 위하여 사용되는 못, 볼트, 래그나사못, 드리프트핀 등 조임용 철물의 총칭
Con-captions	Const	2024	0060	5.000	집성재	목재 층재를 섬유방향이 평행하도록 하여 두께 및 길이방향으로 집성 접착한 목재제품으로 구조용 집성재 및 수장용 집성재를 포함 
Con-captions	Const	2024	0061	5.000	따냄(notch)	파냄이라고도 하며 통나무 벽체를 쌓을 때 통나무재가 직각 또는 일정한 각도로 만나는  통나무 상단재와 하단재의 맞춤 부분
Con-captions	Const	2024	0062	5.000	래그볼트(lag bolt)	래그나사못(lag screw)이라고 하며, 통나무건축에서 침하하는 부재와 침하하지 않는 부재 간에 고정하기 위하여 사용되는 볼트로 한쪽 끝이 나선으로 되어 있고 너트가 필요하지 않음.
Con-captions	Const	2024	0063	5.000	못박기재(nailer)	통나무건축에서 창호 선틀 등의 부재를 부착하기 위하여 못박기 받침으로 설치하는 부재
Con-captions	Const	2024	0064	5.000	박피 칼(draw knife)	원목의 수피를 벗길 때 사용하는 도구
Con-captions	Const	2024	0065	5.000	비녀장부(key way)	내력벽체에 개구부를 설치하기 위하여 통나무재를 따낸 후 벽체가 수직으로 침하하도록 각재를 끼우기 위하여 파낸 홈
Con-captions	Const	2024	0066	5.000	스크라이빙(그렝이질, scribing)	통나무 벽체 쌓기를 할 때 하단의 통나무재 모양에 맞추어 상단에 쌓을 통나무재 하부에 스크라이버로 그리는 작업
Con-captions	Const	2024	0067	5.000	주먹장따냄(dovetail notch)	따냄의 한 종류로 제비꼬리 모양으로 만든 따냄
Con-captions	Const	2024	0068	5.000	침하(settling)	통나무건축에서 통나무재가 건조하면서 발생하는 건조 수축과 층층이 쌓인 상부 통나무재에서 가해지는 압축하중에 따른 목재 섬유질의 지압으로 인하여 통나무벽체의 높이가 낮아지는 현상
Con-captions	Const	2024	0069	5.000	통나무의 지름	통상 통나무의 말구지름을 뜻함
Con-captions	Const	2024	0070	5.000	가로근 삽입블록	철근을 가로로 배치하고 콘크리트를 충전할 수 있는 형상을 갖춘 블록
Con-captions	Const	2024	0071	5.000	가로보강근	블록의 속빈 부분에 수평방향으로 배근된 철근의 총칭
Con-captions	Const	2024	0072	5.000	가로줄눈	조적개체의 이음부에 설치되는 수평 모르타르 줄눈
Con-captions	Const	2024	0073	5.000	거푸집 블록	L형, 역T자형, U자형 등으로 만들어 콘크리트조의 거푸집을 겸하게 된 블록으로 내부에 철근배근 및 콘크리트를 채워 넣을 수 있는 블록
Con-captions	Const	2024	0074	5.000	거푸집 블록구조	거푸집 콘크리트 블록을 사용하여 조합시켜 거푸집으로 하고 공동 부분에 철근을 배근하고 그라우팅하여 내력벽과 기둥, 보 등의 구조체를 만드는 블록구조
Con-captions	Const	2024	0075	5.000	그라우트	시멘트 성분을 가진 재료와 골재의 혼합물로 구성되어 있으며, 조적개체의 사이 혹은 속빈 조적개체의 채움용으로 쓰이는 모르타르 혹은 콘크리트
Con-captions	Const	2024	0076	5.000	단순블록구조	블록을 단순히 쌓거나 수평줄눈에 철망(wire mesh)을 넣는 정도로 보강한 블록구조
Con-captions	Const	2024	0077	5.000	대형 벽돌	표준형보다 큰 형상의 벽돌. 주로 보강용의 공동부(空洞部)를 가진 것
Con-captions	Const	2024	0078	5.000	막힌줄눈쌓기	세로줄눈이 막히도록 개체를 길이로 쌓는 방법
Con-captions	Const	2024	0079	5.000	면살(shell)	속빈 블록 개체의 바깥살 부분
Con-captions	Const	2024	0080	5.000	무브먼트줄눈	벽돌의 흡수팽창 및 열팽창을 흡수⋅완화하도록 설치하는 신축줄눈
Con-captions	Const	2024	0081	5.000	물축임	깔모르타르, 줄눈 모르타르 및 충전 모르타르 중의 물을 벽돌구조체가 흡수하지 않도록 사전에 벽돌면 및 바탕면에 적절히 물을 뿌려주는 것.
Con-captions	Const	2024	0082	5.000	바탕모르타르	벽돌쌓기에서 쌓기면에 미리 깔아 놓은 모르타르 혹은 벽돌을 바닥에 붙일 경우의 바탕에 까는 모르타르
Con-captions	Const	2024	0083	5.000	반절 벽돌	표준형 벽돌을 길이 방향으로 종절단한 형상의 벽돌
Con-captions	Const	2024	0084	5.000	보강블록구조	속빈 콘크리트 블록 개체의 속빈 부분 또는 수직단면 간의 공동부에 철근을 매입하고 그라우팅하여 내력벽으로 한 블록구조
Con-captions	Const	2024	0085	5.000	보강철물	정착철물과 벽돌쌓기벽을 콘크리트 구체에 연결하여 면 외의 전도를 방지하고, 철물과 벽돌의 하중을 구체에 분담시키기 위해 벽돌벽에 일정 간격으로 설치하는 철물 등의 총칭
Con-captions	Const	2024	0086	5.000	붙임 모르타르	얇은 벽돌을 붙이기 위해 바탕 모르타르 또는 벽돌 안쪽 면에 사용하는 접착용 모르타르
Con-captions	Const	2024	0087	5.000	선틀 블록(jamb block)	창문틀의 좌우에 붙여 쌓아 창문틀과 잘 물리게 된 특수 블록
Con-captions	Const	2024	0088	5.000	세로보강근	블록의 속빈 부분에 연직방향으로 배근된 철근의 총칭
Con-captions	Const	2024	0089	5.000	세로줄눈	조적개체가 설치되는 수직 모르타르 줄눈
Con-captions	Const	2024	0090	5.000	신축줄눈	벽돌 또는 벽돌이 접합하는 구체의 팽창 및 수축에 대한 균열 등의 손상이 발생하지 않도록 미리 설치하여 탄력성을 갖게 한 줄눈
Con-captions	Const	2024	0091	5.000	아치 쌓기	쐐기형으로 성형된 벽돌을 사용하든지 또는 줄눈두께를 조정하여 아치형으로 쌓는 것
Con-captions	Const	2024	0092	5.000	안채움 모르타르	벽돌쌓기공사에서 쌓기 벽돌과 콘크리트 구체 사이에 충전되는 모르타르
Con-captions	Const	2024	0093	5.000	연결줄눈	내부 수직단면과 외부 수직단면을 길이방향으로 연결하는 모르타르 혹은 그라우팅의 수직줄눈
Con-captions	Const	2024	0094	5.000	이형블록	용도에 의해 블록의 형상이 기본블록과 다른 창대블록, 인방블록, 가로근 배근용 블록 및 기타 특수형으로 된 콘크리트 블록의 총칭
Con-captions	Const	2024	0095	5.000	익스팬션 조인트	구조체의 지진 등에 의한 변형, 온냉 및 건습에 따른 변형을 흡수하도록 건축물의 연직방향으로 끊어 설치하는 신축줄눈
Con-captions	Const	2024	0096	5.000	인방블록	창문틀 위에 쌓아 철근과 콘크리트를 다져 넣어 보강하게 된 U자형 블록
Con-captions	Const	2024	0097	5.000	정착 철물	벽돌벽을 콘크리트 구체에 정착시키는 보강철물
Con-captions	Const	2024	0098	5.000	줄눈 모르타르	벽돌의 줄눈에 벽돌을 상호 접착하기 위해 사용되는 모르타르
Con-captions	Const	2024	0099	5.000	중간살(web)	속빈 블록 개체의 내부에 속한 살 부분
Con-captions	Const	2024	0100	5.000	창대블록	창문틀의 밑에 쌓는 블록
Con-captions	Const	2024	0101	5.000	충전 콘크리트(모르타르)	보강벽돌공사에서 공동벽돌 쌓기에 의해 생기는 배근용 공동부 등에 충전하는 콘크리트(모르타르)
Con-captions	Const	2024	0102	5.000	치장줄눈 모르타르	벽돌쌓기 후의 줄눈에 치장 및 내구성 등을 목적으로 사용하는 치장용 모르타르
Con-captions	Const	2024	0103	5.000	통줄눈쌓기	세로줄눈이 일직선이 되도록 개체를 길이로 쌓는 방법
Con-captions	Const	2024	0104	5.000	프리즘	그라우트 또는 모르타르가 포함된 단위조적 개체로서 조적조의 성질을 규정하기 위해 사용하는 시험체
Con-captions	Const	2024	0105	5.000	한도 견본	사용상 유해하다고 생각되는 결점의 외관 판정 상 규준을 명확히 하기 위해 사용하는 견본 
Con-captions	Const	2024	0106	5.000	강화 유리문 고정법	강화 유리문을 플로어 힌지(floor hinge) 등의 철물을 사용하여 고정하는 방법
Con-captions	Const	2024	0107	5.000	경사단면	유리절단시 발생하는 결함으로 일반적으로는 깎임이라 함.
Con-captions	Const	2024	0108	5.000	구멍흠집	유리면에 경도가 높은 재질이 국부적으로 접촉할 때 생기는 흠집으로 특히 절단면에 발생하기 쉽다.
Con-captions	Const	2024	0109	5.000	구조 개스킷	클로로프렌 고무 등으로 압출성형에 의해 제조되어 유리의 보호 및 지지기능과 수밀기능을 지닌 개스킷으로서 지퍼 개스킷이라고도 불린다. 일반적으로 PC콘크리트에 사용되는 Y형 개스킷과 금속프레임에 사용되는 H형 개스킷이 있다.
Con-captions	Const	2024	0110	5.000	구조 개스킷 고정법	구조 개스킷 고정법에는 Y형 개스킷 고정법, H형 개스킷 고정법이 있다. Y형 개스킷 고정법은 콘크리트, 돌 등의 U형 홈에 Y형 구조 개스킷을 설치하여 유리를 끼우는 고정법이다. H형 개스킷 고정법은 금속프레임 등에 H형 개스킷을 사용해서 유리를 설치하는 방법이다.
Con-captions	Const	2024	0111	5.000	그레이징 개스킷	염화비닐 등으로 압출성형에 의해 제조된 유리끼움용 부재료로서 U형 그레이징 채널과 J형 그레이징 비드가 있다.
Con-captions	Const	2024	0112	5.000	그레이징 개스킷 고정법	그레이징 개스킷 고정법에는 그레이징 채널 고정법과 그레이징 비드 고정법이 있다.
Con-captions	Const	2024	0113	5.000	그레이징 채널 고정법	금속 또는 플라스틱의 U형 홈에 유리를 끼우는 경우에 U형 그레이징 채널을 사용하는 고정법이다.
Con-captions	Const	2024	0114	5.000	그레이징 비드 고정법	금속 또는 플라스틱의 누름고정용 홈에 유리를 끼우는 경우에 J형 그레이징 비드를 사용하는 고정법이다. 이밖에 금속 또는 플라스틱의 끼우기 홈에 유리를 끼우는 경우에 개스킷을 사용하는 고정법이 있다.
Con-captions	Const	2024	0115	5.000	끼우기	유리를 새시 등의 끼우기 홈에 규정대로 끼우는 것
Con-captions	Const	2024	0116	5.000	끼우기 홈	유리를 지지하기 위한 창틀에 설치하는 홈으로서 그 홈의 단면치수는 끼우기 판유리의 두께에 따라 내풍압성능, 내진성능, 열깨짐 방지성능 등을 고려하여 정한다.
Con-captions	Const	2024	0117	5.000	나사고정법	거울, 장식유리 등의 모서리에 구멍을 뚫어 장식나사로 고정하는 방법이다.
Con-captions	Const	2024	0118	5.000	단면결손	절단면에 집중적으로 힘이 가해진 경우에 유리면이 움푹 패이는 현상
Con-captions	Const	2024	0119	5.000	단열간봉(warm-edge spacer)	복층 유리의 간격을 유지하며 열 전달을 차단하는 재료로, 기존의 열전도율이 높은 알루미늄 간봉의 취약한 단열문제를 해결하기 위한 방법으로 warm-edge technology를 적용한 간봉이다. 고단열 및 창호에서의 결로방지를 위한 목적으로 적용된다.
Con-captions	Const	2024	0120	5.000	대형 판유리 고정법	대형 판유리 고정법에는 현수 그레이징 시스템과 리브 보강그레이징 시스템 및 이들을 복합한 시공방법이 있다. 리브 보강 그레이징 시스템 공법은 금속 멀리언 대신에 리브유리를 측부 보강재료로 사용하는 시공법이다. 현수 그레이징 시스템 공법은 금속 클램프를 이용하여 보나 슬래브에 매다는 고정법이다.
Con-captions	Const	2024	0121	5.000	레진접합(CIP cast-in-place resin)	두 장의 유리사이에 레진을 부어 넣은 후 굳혀 접합 함.
Con-captions	Const	2024	0122	5.000	로이유리(low-emissivity glass)	열 적외선(infrared)을 반사하는 은소재 도막으로 코팅하여 방사율과 열관류율을 낮추고 가시광선 투과율을 높인 유리로서 일반적으로 복층 유리로 제조하여 사용하며 저방사유리라고도 한다.
Con-captions	Const	2024	0123	5.000	백업(back up)재	실링 시공인 경우에 부재의 측면과 유리면 사이의 면 클리어런스 부위에 연속적으로 충전하여 유리를 고정하고 시일 타설시 시일 받침 역할을 하는 부재료로서 일반적으로 폴리에틸렌 폼, 발포고무, 중공솔리드고무 등이 사용된다.
Con-captions	Const	2024	0124	5.000	부정형 실링재 고정법	부정형 실링재 고정법에는 탄성 실링재 고정법이 있다. 탄성실링재 고정법은 금속, 플라스틱, 나무 등의 U형 홈 또는 누름고정용 홈에 유리를 끼우는 경우에 탄성 실링재를 사용하는 고정법이다.
Con-captions	Const	2024	0125	5.000	샌드 블라스트 (sand blast) 가공	유리면에 기계적으로 모래를 뿌려 미세한 흠집을 만들어 빛을 산란시키기 위한 목적의 가공
Con-captions	Const	2024	0126	5.000	세팅 블록	새시 하단부의 유리끼움용 부재료로서 유리의 자중을 지지하는 고임재
Con-captions	Const	2024	0127	5.000	스페이서(spacer)	유리 끼우기 홈의 측면과 유리면 사이의 면 클리어런스를 주며, 복층유리의 간격을 고정하는 블록
Con-captions	Const	2024	0128	5.000	에칭(etching)	화학약품에 의한 부식현상을 응용한 가공으로서 유리에는 주로 산을 사용하는 경우가 많다.
Con-captions	Const	2024	0129	5.000	에틸렌비닐아세테이트(EVA Ethylene Vinylacetate)	접합 유리 소재로 사용 함
Con-captions	Const	2024	0130	5.000	열깨짐	태양의 복사열 작용에 의해 열을 받는 부분과 받지 않는 부분(끼우기홈 내)의 팽창성 차이 때문에 발생하는 응력으로 인하여 유리가 파손되는 현상
Con-captions	Const	2024	0131	5.000	열선 반사 유리	판유리의 한쪽 면에 열선반사막을 코팅하여 일사열의 차폐성능을 높인 유리
Con-captions	Const	2024	0132	5.000	완충재	충격시 유리 절단면과 새시의 직접적인 접촉을 방지하기 위해서 새시의 좌우 측면에 끼우는 고무블록으로서 주로 개폐창호에 사용된다.
Con-captions	Const	2024	0133	5.000	유리 단부	판유리를 절단했을 때 절단된 단면의 절단각, 절단면, 절단부위의 총칭
Con-captions	Const	2024	0134	5.000	유리 일람표	해당 건물에 사용되는 유리의 전체 사양이 표시된 것으로 일반적으로는 종류, 두께, 형태, 치수, 가공방법 등으로 분류하여 각각의 수량을 기입한 형태이다.
Con-captions	Const	2024	0135	5.000	유리펜스(fence) 고정법	계단의 측판 또는 바닥에 매입된 철물을 사용하여 강화 유리, 접합 유리 등을 세워 난간, 실내 칸막이, 요벽 등을 구성하는 고정법이다.
Con-captions	Const	2024	0136	5.000	절단면연마	유리 절단 후에 각진 절단부위를 적절히 연마하는 방법으로 사람이 손으로 만져도 상처를 입지 않게 한다.
Con-captions	Const	2024	0137	5.000	접착 고정법	거울, 장식유리 등을 양면접착테이프 및 접착제를 이용하여 부착시키는 고정 방법이다.
Con-captions	Const	2024	0138	5.000	접착, 지지철물 병용 고정법	거울, 장식유리 등의 뒷면을 바탕면에 접착하고 유리 단부를 지지철물로 고정하는 방법이다.
Con-captions	Const	2024	0139	5.000	제연경계벽 고정법	망입 또는 선입 판유리를 천장 바탕면에 실리콘계 실링재와 받침철물을 사용하여 방연벽으로 하는 고정법이다.
Con-captions	Const	2024	0140	5.000	철물 고정법	거울, 장식유리 등의 상하에 철물을 부착하여 하부의 받침 철물로서 그 중량을 지지하는 고정법이다.
Con-captions	Const	2024	0141	5.000	측면 블록	새시 내에서 유리가 일정한 면 클리어런스를 유지토록 하며, 새시의 양측면에 대해 중심에 위치하도록 하는 재료로 품질관리를 위해 새시 공장생산 시 부착하여 출고하는 것을 원칙으로 한다.
Con-captions	Const	2024	0142	5.000	치솟음	휨가공에서 발생하는 현상으로 유리의 단부가 형틀과는 다르게 소정의 곡률로 되지 않는 부분을 말한다.
Con-captions	Const	2024	0143	5.000	클린 컷	유리를 절단한 후 그 절단면에 구멍 흠집, 단면결손, 경사단면 등의 결함이 없이 깨끗이 절단된 상태를 말한다.
Con-captions	Const	2024	0144	5.000	태피스트리 가공	샌드 블라스트 가공을 시행한 것에 화학물질 코팅 가공
Con-captions	Const	2024	0145	5.000	폴리비닐부티랄(PVB Poly Vinyl Butyral)필름	(PVB Poly Vinyl Butyral) 재질의 접합 유리용 필름
Con-captions	Const	2024	0146	5.000	핀 홀(pin hole)	바탕 유리까지 도달하는 윤곽이 뚜렷한 얇은 막의 구멍을 말한다.
Con-captions	Const	2024	0147	5.000	흡습제	작은 기공을 수억 개 갖고 있는 입자로 기체분자를 흡착하는 성질에 의해 밀폐공간에 건조상태를 유지하는 재료 
Con-captions	Const	2024	0148	5.000	계단식 이음(horizontal seam)	물 흐름 방향으로 일정한 간격마다 각재 또는 기타 고정재로 고정하여 계단식 모양으로 지붕을 만드는 이음 방법
Con-captions	Const	2024	0149	5.000	골(계곡)(valley)	경사 지붕에서 지붕 면이 교차되는 낮은 부분
Con-captions	Const	2024	0150	5.000	굽도리 철판(base flashing)	지붕면과 수직을 형성하는 면의 하단부에 비흘림 및 빗물막이를 위하여 설치하는 강판
Con-captions	Const	2024	0151	5.000	금속제 절판 지붕(structural metal roofing)	금속판을 V자, U자 또는 이에 가까운 모양으로 접어 제작한 지붕판을 사용하여 설치하는 지붕
Con-captions	Const	2024	0152	5.000	금속패널 지붕	공장에서 미리 패널 타입으로 성형하여 현장에서 설치하는 지붕 금속패널로 종류는 금속절판 지붕, 돌출 잇기 지붕, 기와가락 잇기 지붕 등이 있음
Con-captions	Const	2024	0153	5.000	기와가락 잇기(batten seam)	너비 방향으로 일정한 간격마다 각재를 바닥에 고정한 후 규격에 맞춘 금속판으로 마감하여 각재 부위가 돌출되어 있는 방법
Con-captions	Const	2024	0154	5.000	너비 방향(가로 방향)	지붕에서 물이 흘러내리는 방향과 직각인 방향
Con-captions	Const	2024	0155	5.000	데크(deck)	일반적으로 바닥판을 의미하지만 지붕공사에서는 Roof Deck를 말한다.
Con-captions	Const	2024	0156	5.000	돌출 잇기(standing seam)	금속판 이음 부위가 바탕에 수직으로 돌출되게 설치하는 이음 방법
Con-captions	Const	2024	0157	5.000	레이크(rakes)	지붕 경사에 수평으로 설치하는 부재 및 박공지붕에서 벽과 박공지붕 사이에 마감하는 부재
Con-captions	Const	2024	0158	5.000	바탕 방수 자재(underlayment materials)	금속판 지붕공사 등에 수밀성을 제공하거나 수밀성을 보강하기 위한 자재
Con-captions	Const	2024	0159	5.000	바탕보드	지붕 마감 자재를 설치하기 위한 합판 등의 바탕 자재
Con-captions	Const	2024	0160	5.000	박공벽(측면 부분)(gable)	박공지붕에서 지붕 경사면과 벽과 만나는 삼각형의 부분
Con-captions	Const	2024	0161	5.000	서까래(rafter)	처마도리와 중도리 및 마룻대 위에 지붕 경사의 방향으로 걸쳐대고 산자나 지붕널을 받는 경사 부재
Con-captions	Const	2024	0162	5.000	중도리(purlin)	처마도리와 평행으로 배치하여 서까래 또는 지붕널 등을 받는 가로재
Con-captions	Const	2024	0163	5.000	지붕의 경사(물매)	지붕 구조에서 수평 방향에 대한 높이의 비
Con-captions	Const	2024	0164	5.000	강회다짐	누수 방지와 기와의 침하를 방지하기 위하여 보토 위에 시공하는 혼합재
Con-captions	Const	2024	0165	5.000	개판	서까래나 부연 위를 덮는 널
Con-captions	Const	2024	0166	5.000	내림마루	박공, 합각 부분에 설치한 지붕마루
Con-captions	Const	2024	0167	5.000	너새	박공이나 합각 부분에서 가로방향으로 이은 기와
Con-captions	Const	2024	0168	5.000	막새기와	지붕의 처마 끝에 붙이는 치장용 기와로 암⋅수막새가 있음
Con-captions	Const	2024	0169	5.000	보토	지붕 경사를 잡기 위하여 적심목 또는 산자 위에 채워 넣는 혼합재
Con-captions	Const	2024	0170	5.000	알매흙(새우흙)	강회다짐 위에 암키와를 고정시키기 위해 까는 혼합재
Con-captions	Const	2024	0171	5.000	와구토	처마 끝 수키와 마구리에 둥글게 바른 혼합재
Con-captions	Const	2024	0172	5.000	용마루	지붕면의 최상단에 설치한 지붕마루. 몸체의 지붕마루로 제일 높고 큰 마루
Con-captions	Const	2024	0173	5.000	적심목	지붕 하중 경감, 하부의 목부재 보호 및 지붕 경사잡기 등을 위하여 사용
Con-captions	Const	2024	0174	5.000	절병통	모임지붕의 마루꼭대기에 모양을 내어 얹어놓은
Con-captions	Const	2024	0175	5.000	지붕마루	각기 다른 지붕면이 서로 맞닿은 부분에 기와를 쌓아 올려서 꾸민 부분
Con-captions	Const	2024	0176	5.000	추녀마루(귀마루)	추녀 부분에 설치한 지붕마루
Con-captions	Const	2024	0177	5.000	홍두깨흙	수키와를 고정시키기 위해 수키와 밑에 채워 넣은 혼합재
Con-captions	Const	2024	0178	5.000	마름 겹침	지붕골이나 지붕마루에서 아스팔트 싱글이 맞닿는 형태에 맞추어 절단 가공하여 밀실하게 겹침을 형성하는 이음 방법 무기질 섬유 제품 싱글
Con-captions	Const	2024	0179	5.000	가압공간	공기로 가압되는 공기막구조의 내부 공간
Con-captions	Const	2024	0180	5.000	막(membrane or fabric)	직포구조를 기본으로 하고 섬유를 꼰 실을 경사. 위사로 하여 짠 것으로 이방성을 가지고 있음
Con-captions	Const	2024	0181	5.000	비가압공간	외피가 이중막구조(튜브 또는 에어메트 등)로 구성되어 공기가압이 되지 않는 공기막구조의 내부 공간
Con-captions	Const	2024	0182	5.000	시공과정 해석(sequence analysis)	부재 조립 순서에 따른 전 과정에서 구조의 안정과 응력 안전을 확인하면서 시공 오차의 흡수와 조정을 수행하여 목표로 하는 완성 형상으로 유도하기 위한 해석
Con-captions	Const	2024	0183	5.000	재단도(cutting pattern)	막구조에서 재단한 천을 봉합하여 설계 곡면을 형성하기 위해 곡면을 근사적으로 평면 전개한 도면으로 입체 재단도 또는 커팅패턴이라고도 함. 
Con-captions	Const	2024	0184	5.000	볼트(bolt)	인장재로서 회전구멍이 천공된 특수 볼트
Con-captions	Const	2024	0185	5.000	부재(member)	연결체 사이를 이어주는 요소로서 선재와 연결부(󰄤 원추, 볼트, 슬리브, 핀)로 구성
Con-captions	Const	2024	0186	5.000	선재	부재의 주자재로서 절점을 연결하는 자재. 일반적으로 강관이 많이 쓰이고 알루미늄관이나 목재 등도 사용
Con-captions	Const	2024	0187	5.000	슬리브(sleeve)	연결구와 원추 사이에 위치하여 압축재로서 역할을 하는 육각 너트
Con-captions	Const	2024	0188	5.000	연결구(ball)	트러스를 구성하는 부재의 절점에 사용하는 부품
Con-captions	Const	2024	0189	5.000	원추(corn)	선재의 양단에 접합되어 볼트와 연결체의 연결 시 응력이 집중되는 부품
Con-captions	Const	2024	0190	5.000	핀(pin)	슬리브와 볼트를 연결하여 슬리브의 회전을 통해 볼트를 연결체와 체결되도록 하는 부품 
Con-captions	Const	2024	0191	5.000	냉각탑(cooling tower)	냉각수의 재사용을 위해 대기와 접촉시켜 물을 냉각시키는 장치
Con-captions	Const	2024	0192	5.000	보스(boss)	회전체에서 축이 끼이는 부분
Con-captions	Const	2024	0193	5.000	브라인(brine)	냉매에 의해 냉각되어 피냉각물에 냉동효과를 전달하는 부동액
Con-captions	Const	2024	0194	5.000	서징포인트(surging point)	풍압곡선 상에서의 최고 압력점
Con-captions	Const	2024	0195	5.000	압축기(compressor)	기체를 압축하여 그 압력을 높이는 기계
Con-captions	Const	2024	0196	5.000	액분리기(accumulator)	증발기와 압축기 사이에서 냉매액과 냉매가스를 분리하는 장치
Con-captions	Const	2024	0197	5.000	액셜팬(axial fan)	축방향으로 기체를 유동시키는 팬
Con-captions	Const	2024	0198	5.000	오일포밍(oil foaming)	오일과 냉매가 급격히 분리되어 윤활유에 거품이 일어나는 현상
Con-captions	Const	2024	0199	5.000	유닛쿨러(unit cooler)	냉각관과 송풍기로 구성된 냉방 장치
Con-captions	Const	2024	0200	5.000	유분리기(oil separator)	토출 가스 내에 포함된 오일을 분리하는 장치
Con-captions	Const	2024	0201	5.000	응축기(condenser)	증기를 냉각해 열을 빼앗아서 응축시키는 장치
Con-captions	Const	2024	0202	5.000	증발기(evaporator)	증발 잠열에 의해 물, 브라인, 공기 등을 냉각하는 열교환기
Con-captions	Const	2024	0203	5.000	콘덴싱유닛(condensing unit)	응축기와 압축기를 하나의 케이싱 내에 갖춘 것
Con-captions	Const	2024	0204	5.000	펌프다운(pump down)	냉동기의 수리나 장기간 휴지 때에 냉매를 응축기에 회수하는 것
Con-captions	Const	2024	0205	5.000	필터드라이어 (filter drier)	냉동작용을 저해하는 수분을 흡수함과 동시에 필터 역할을 하는 장치 
Con-captions	Const	2024	0206	5.000	납유리(lead glass)	X-선 차폐성능을 갖춘 투명 유리
Con-captions	Const	2024	0207	5.000	메탈라스(metal lath)	얇은 강판을 그물모양으로 만든 것
Con-captions	Const	2024	0208	5.000	연두못(lead-headed nail)	못머리가 X-선 차폐성능을 갖는 못 
Con-captions	Const	2024	0209	5.000	상한농도	대상 입자의 최대 허용 농도를 나타냄
Con-captions	Const	2024	0210	5.000	스트링거(stringr)	가로 거더 위에 놓인 세로 보
Con-captions	Const	2024	0211	5.000	웨더스트립(weather strip)	틈새 바람이나 빗물의 침입을 방지하기 위한 가늘고 긴 자재
Con-captions	Const	2024	0212	5.000	유공판(perforated board)	흡음 효과나 디자인 상의 목적에서 다수의 작은 구멍을 뚫은 판
Con-captions	Const	2024	0213	5.000	코킹(caulking)	점착성이 있는 자재로 작은 틈에 충전재를 넣는 것
Con-captions	Const	2024	0214	5.000	클린룸	공기 부유입자의 농도를 명시된 청정도 수준 한계 이내로 제어하여 오염 제어가 행해지는 공간으로 필요에 따라 온도, 습도, 실내압, 조도, 소음 및 진동 등의 환경조성에 대해서도 제어 및 관리가 행해지는 공간이다.
Con-captions	Const	2024	0215	5.000	탑코팅(top coating)	마무리를 목적으로 한 최종 칠
Con-captions	Const	2024	0216	5.000	패스박스(pass box)	클린룸의 벽면에 설치되는 소형 물품의 이송용 장치 
Con-captions	Const	2024	0217	5.000	내화벽돌	내화점토를 구워서 소요 내화력을 확보할 수 있도록 만든 벽돌
Con-captions	Const	2024	0218	5.000	담장	벽돌, 블록, 석재, 철근 콘크리트, 기성 콘크리트판 등을 이용하여 건물의 둘레나 공간을 구획하기 위하여 설치하는 시설물
Con-captions	Const	2024	0219	5.000	대문	목재, 철재, 스테인리스, 알루미늄 주물, 철망 등으로 만든 개폐가 가능한 구조물로 담장이나 울타리로 구획된 영역의 안과 밖을 연결하기 위하여 출입하는 위치에 설치하는 시설물
Con-captions	Const	2024	0220	5.000	변조	오수의 저류조와 퍼내기조를 조합한 시설물
Con-captions	Const	2024	0221	5.000	부대시설	주요시설을 보조하기 위하여 건축물에 곁들여 설치하는 시설물로써 관리사무소나 급⋅배수설비, 환기설비, 전원설비, 조명설비, 중앙통제설비, 방재설비, 상황표지판, 기타설비 등의 설치를 위한 시설물
Con-captions	Const	2024	0222	5.000	시유 도관	회유(灰釉)를 칠한 후 고화도소성(高火度燒成)을 한 도관
Con-captions	Const	2024	0223	5.000	연도	연기가 빠져나가는 통로로 굴뚝에 연결된 통상(筒狀) 부분
Con-captions	Const	2024	0224	5.000	온실	광선,온도,습도 등을 조절하여 계절에 관계없이 각종 식물을 자유롭게 재배할 수 있게 만든 시설물
Con-captions	Const	2024	0225	5.000	용화소지질	도자기로 된 위생기구로 소재의 재질로 소지(素地)에 유약을 입힌 것
Con-captions	Const	2024	0226	5.000	울타리	목재, 철재, 스테인리스, 알루미늄 주물, 철망 등으로 경계를 짓거나 출입을 차단하기 위한 시설물
Con-captions	Const	2024	0227	5.000	유리섬유강화플라스틱(FRP, fiber glass reinforced plastic)	유리섬유로 강화된 플라스틱
Con-captions	Const	2024	0228	5.000	유조	석유, 가솔린 등을 담아두는 통
Con-captions	Const	2024	0229	5.000	파고라(pergola)	뜰이나 편평한 지붕 위에 나무를 가로와 세로로 얹어 놓고 등나무 등의 덩굴성 식물을 올리어 만든 장식 및 차양의 역할을 하는 시설물
Con-captions	Const	2024	0230	5.000	폴리에틸렌(PE polyethylene)	에틸렌을 중합하여 만드는 열가소성 수지. 내약품성⋅전기 절연성⋅방습성⋅내한성⋅가공성이 뛰어나 절연 자재⋅그릇⋅잡화⋅공업용 섬유⋅도료 등에 사용되는 재료
Con-captions	Const	2024	0231	5.000	핸드홀(hand hole)	지중에 매설하는 전화선 등의 부설⋅수리를 위해 매설 구간 도중에 설치하는  맨홀보다 작은 구멍 
Con-captions	Const	2024	0232	5.000	담장	공간을 둘러막기 위해 벽돌 등을 쌓아 올린 것
Con-captions	Const	2024	0233	5.000	목책	나무를 열을 지어 박아 만든 울타리
Con-captions	Const	2024	0234	5.000	울타리	공간을 둘러막기 위해 풀이나 나무, 또는 철선 등으로 설치하는 것
Con-captions	Const	2024	0235	5.000	종대	수직으로 세운 기둥형식의 부재
Con-captions	Const	2024	0236	5.000	캡	부재내부 공간으로 다른 이물질의 침입을 막거나 작업자의 부딪힘에 따른  피해방지를 위해 부재의 단부에 씌우는 보조재
Con-captions	Const	2024	0237	5.000	판장	울타리를 만들기 위해 사용하는 널빤지
Con-captions	Const	2024	0238	5.000	횡대	수평으로 눕혀 설치하는 부재 
Con-captions	Const	2024	0239	5.000	변조	오수의 저류조와 퍼내기조를 조합한 구조
Con-captions	Const	2024	0240	5.000	시유 도관	회유(灰釉)를 칠한 후 고화도소성(高火度燒成)을 한 도관
Con-captions	Const	2024	0241	5.000	용화소지질	도자기로 된 위생기구로 소재의 재질로 소지(素地)에 유약을 입힌 것
Con-captions	Const	2024	0242	5.000	유리섬유강화플라스틱(GFRP Glass Fiber Reinforced Plastic)	유리섬유로 강화된 플라스틱
Con-captions	Const	2024	0243	5.000	폴리에틸렌(PE Polyethylene)	에틸렌을 중합하여 만드는 열가소성 수지. 내약품성⋅전기 절연성⋅방습성⋅내한성⋅가공성이 뛰어나 절연 자재⋅그릇⋅잡화⋅공업용 섬유⋅도료 등에 사용
Con-captions	Const	2024	0244	5.000	내화벽돌	내화점토를 구워서 만든 소요 내화력을 확보할 수 있는 벽돌
Con-captions	Const	2024	0245	5.000	연도	연기가 빠져나가는 통로로 굴뚝에 연결된 통상(筒狀)부분 
Con-captions	Const	2024	0246	5.000	수조	물을 담아두는 통
Con-captions	Const	2024	0247	5.000	온실	광선, 온도, 습도 등을 조절하여 계절에 관계없이 각종 식물을 자유롭게 재배할 수 있게 만든 시설물
Con-captions	Const	2024	0248	5.000	유조	석유나 가솔린 등을 담아두는 기름통
Con-captions	Const	2024	0249	5.000	지대	특별한 용도에 따라 형태나 구성을 정하는 돌출된 장소
Con-captions	Const	2024	0250	5.000	파고라(pergola)	뜰이나 편평한 지붕 위에 나무를 가로와 세로로 얹어 놓고 등나무 등의 덩굴성 식물을 올리어 만든 장식 및 차양의 역할을 하는 시설물 
Con-captions	Const	2024	0251	5.000	건설부산물	해체공사에 따라 부차적으로 얻을 수 있는 물품으로써, 발주자로부터 임대한 물건을 제외한 모든 것이 건설부산물에 해당하며, 유가물로써 매각할 수 있는 것, 원자재로써 재이용의 가능성이 있는 것, 일반폐기물로써 처분되는 것, 산업폐기물로써 처분되는 것, 특별관리 산업폐기물로써 처분되는 것을 총칭함.
Con-captions	Const	2024	0252	5.000	건설폐재류	폐콘크리트, 폐아스팔트콘크리트, 폐벽돌, 폐블럭, 폐기와, 건설폐토석 등을 총칭하는 것을 말한다.
Con-captions	Const	2024	0253	5.000	건축물	건축법 및 그 하위 법령에서 규정하는 건축물을 말한다.
Con-captions	Const	2024	0254	5.000	고성능 진공청소기	고성능 필터 또는 이와 동등 이상의 성능을 가진 에어필터를 장착한 진공청소기를 말한다.
Con-captions	Const	2024	0255	5.000	구조물 해체 계획	구조물 해체 시공 전에 안전, 환경, 효율 등을 고려하여 계획 도면, 구조 계산서, 시방서, 공사비 내역서, 현장 설명서 등을 작성하는 계획과정
Con-captions	Const	2024	0256	5.000	냉매	기후·생태계 변화유발물질 중 열전달을 통한 냉난방, 냉동·냉장 등의 효과를 목적으로 사용되는 물질을 말한다.
Con-captions	Const	2024	0257	5.000	리모델링	건축물의 노후화 억제 또는 기능 향상을 위하여 증축⋅개축⋅대수선하는 행위를 말한다.
Con-captions	Const	2024	0258	5.000	분리배출	건설폐기물을 종류별, 처리방법별로 분리하여 배출하는 것을 말한다.
Con-captions	Const	2024	0259	5.000	분리선별	해체과정에서 발생된 건설폐기물을 인력 또는 장비를 사용하여 성상별, 종류별로 분리해 내는 작업을 말한다.
Con-captions	Const	2024	0260	5.000	분별해체	건설폐기물의 재활용을 고려하여 구조체의 해체 이전에 내⋅외장재, 창호, 문틀, 각종 설비 등을 성상별, 종류별로 나누어 해체하는 작업을 말한다.
Con-captions	Const	2024	0261	5.000	비산먼지	공사장 등에서 일정한 배출구를 거치지 않고 대기 중에 직접 배출되는 먼지를 말한다.
Con-captions	Const	2024	0262	5.000	산업폐기물	산업 활동에 따라 생긴 폐기물을 말하며, 해체공사부터 발생한 주된 산업폐기물로써는 건설폐자재(콘크리트 덩어리, 아스팔트콘크리트 덩어리, 벽돌덩어리), 폐플라스틱(폐합성수지건재, 폐발포합성수지 등의 포장재, 폐시트), 유리 및 도자기 폐기물(유리조각, 타일 및 위생도자기 조각, 내화벽돌 조각), 금속 조각(철골철근쓰레기, 비계파이프, 폐캔류), 건설목재쓰레기(목조가옥 해체재 등) 및 슬러지(폐벤토나이트 오수, 폐오수, 함수율이 높고 입자가 미세한 진흙투성이 상태의 굴삭토) 등이 있음. 산업폐기물에는 원자재로써 재이용의 가능성이 있는 것과 원자재로써 재이용이 불가능 한 것이 있음.
Con-captions	Const	2024	0263	5.000	습윤제(wetting agent)	물의 표면장력의 감소시키기 위해 첨가하는 것으로, 물의 투과능력을 향상시켜 대상물질 내의 구석진 곳까지 습윤화시키는데 필요한 약액을 말한다.
Con-captions	Const	2024	0264	5.000	유해폐기물	폐기물관리법에서 규정한 지정폐기물을 말한다. 여기에는 유류에 오염된 폐기물, 화학약품에 오염된 폐기물, 석면 폐기물 등이 포함된다.
Con-captions	Const	2024	0265	5.000	음압밀폐시스템	석면 분진의 대기로의 비산을 방지하기 위한 고성능 필터가 장착된 설비를 갖춘 시스템을 말한다.
Con-captions	Const	2024	0266	5.000	일반해체	해체공사 시 폐기물의 종류별 선별을 고려하지 않는 해체방법을 말한다.
Con-captions	Const	2024	0267	5.000	전도해체	벽, 기둥 등의 전도방향을 정해 주각부의 일부를 파괴하여 소정의 방향으로 전도시켜 해체하는 행위를 말한다.
Con-captions	Const	2024	0268	5.000	전면해체공사	구조물의 전체를 철거하는 건설공사를 말한다.
Con-captions	Const	2024	0269	5.000	재사용(reuse)	재활용 가능 자원을 그대로 또는 고쳐서 다시 쓰거나 생산활동에 다시 사용할 수 있도록 하는 것을 말한다.
Con-captions	Const	2024	0270	5.000	재생이용	재활용 가능 자원의 전부 또는 일부를 원료물질(原料物質)로 다시 사용하거나 다시 사용할 수 있도록 하는 것을 말한다.
Con-captions	Const	2024	0271	5.000	재활용(recycle)	폐기물을 재사용⋅재생이용하거나 재사용⋅재생이용할 수 있는 상태로 만들어 원자재 또는 부재로서 유효하게 이용하는 것을 말한다.
Con-captions	Const	2024	0272	5.000	지정폐기물	사업장폐기물 중 폐유⋅폐산 등 주변 환경을 오염시킬 수 있거나 의료폐기물 등 인체에 해로운 물질로서 대통령령으로 정하는 폐기물을 말한다.
Con-captions	Const	2024	0273	5.000	처리	폐기물의 수집, 운반, 보관, 재활용, 처분을 말한다.
Con-captions	Const	2024	0274	5.000	처분	폐기물의 소각, 중화, 파쇄, 고형화 등의 중간처분과 매립하거나 해역으로 배출하는 등의 최종처분을 말한다.
Con-captions	Const	2024	0275	5.000	철거	기존의 구조물에서 설계도서에서 명기한 부분을 제거하고, 재활용 자재로 지정되지 않은 것들을 현장 밖으로 반출하는 행위을 말한다.
Con-captions	Const	2024	0276	5.000	특별관리 산업폐기물	산업폐기물 중에서 폭발위험성, 독성, 감염성 그 외 사람의 건강 또는 생활환경과 관련된 피해유발 우려가 있는 것으로, 이에 관한 처리방법을 별도로 정한 것을 말함. 해체공사시 발생하는 주된 특별관리 산업폐기물로써는 폐석면 등이 있음.
Con-captions	Const	2024	0277	5.000	파쇄해체	압쇄기 또는 브레커(breaker) 등에 의해 구체를 파쇄하여 해체하는 행위를 말한다.
Con-captions	Const	2024	0278	5.000	PCB	강한 독성이 있고 잘못 처리되면 발암물질인 다이옥신을 발생시키는 폴리염화비페닐(polychlorinated biphenyl)을 말한다.
Con-captions	Const	2024	0279	5.000	해체공사	구조물의 전체 또는 일부를 철거하는 건설공사를 말하며, 리모델링 공사를 포함한다.
Con-captions	Const	2024	0280	5.000	해체시공업자	건설산업기본법에 의한 비계공사업 등록을 하고, 해체공사업을 하는 자를 말한다.
Con-captions	Const	2024	0281	5.000	현장재활용	건설공사 현장에서 건설폐기물 처리시설을 설치하여 당해현장에서 재활용하는 것을 말한다.
Con-captions	Const	2024	0282	5.000	회수품 (Salvages)	철거물, 해체물 또는 발굴품 중에 발주자가 소유권을 요구한 품목을 말한다. 
Con-captions	Const	2024	0283	5.000	결로방지 단열재	결로를 방지하지 위하여 설치하는 복합 단열재 또는 일반 단열재
Con-captions	Const	2024	0284	5.000	단열 모르타르 바름	건축물의 바닥, 벽, 천장 및 지붕 등의 열손실 방지를 목적으로 외벽, 지붕, 지하층 바닥면의 안 또는 밖에 경량 단열골재를 주자재로 하여 만들어 흙손 바름, 뿜칠 등에 의하여 미장하는 공사
Con-captions	Const	2024	0285	5.000	단열보강	단면의 열관류저항이 국부적으로 작은 부분을 결로방지 등을 목적으로 보강하는 것
Con-captions	Const	2024	0286	5.000	열교	건축물 구성 부위 중에서 단열이 연속되지 않은 경우 국부적으로 열관류율이 커져 열의 이동이 심하게 일어나는 부분
Con-captions	Const	2024	0287	5.000	내부결로	구조체 내부에 수증기의 응축이 생겨 수증기압이 낮아지면 수증기압이 높은 곳에서 부터 수증기가 확산되어 응축이 계속되는 현상
Con-captions	Const	2024	0288	5.000	표면결로	구조체의 표면온도가 실내공기의 노점온도보다 낮은 경우 그 표면에 발생하는 수증기의 응결현상 
Con-captions	Const	2024	0289	5.000	내화도료	내화구조로서 인정된 구성재료의 표면에 도포된 표층재료
Con-captions	Const	2024	0290	5.000	내화도료 피복공법	발포성 내화도료를 강구조 부재에 붓 또는 뿜칠로 일정 두께를 도장하여 화재 시 도료가 발포되어 고열이 철골부재에 전달하지 못하게 하는 시공방법을 말한다.
Con-captions	Const	2024	0291	5.000	내화보드 피복공법	공장 생산된 내화보드를 현장에서 적합한 크기로 절단하여 강구조 부재에 클립 또는 스크루 못 등으로 고정하여 화재 시 고열이 철골에 전달하지 못하게 하는 시공방법을 말한다.
Con-captions	Const	2024	0292	5.000	내화뿜칠 피복공법	공장 생산된 무기질 내화재료를 현장에서 물과 혼합한 후 뿜칠기계를 사용하여 철골 기둥 및 보 등에 일정두께로 뿜칠하여 화재 시 고열이 철골에 전달되지 못하게 하는 시공방법을 말한다.
Con-captions	Const	2024	0293	5.000	봉공 (Sealing)	금속재 또는 기타 바탕재 표면의 공극을 메우는 작업
Con-captions	Const	2024	0294	5.000	봉공재 (Sealer)	금속재 또는 기타 바탕재 표면의 공극을 메우는 재료
Con-captions	Const	2024	0295	5.000	상도용 도료	내화도료의 보호와 의장성의 향상을 목적으로 최종공정에 사용하는 도료
Con-captions	Const	2024	0296	5.000	중도용 도료	내화도료를 보호하고 내화도료와 상도용재료의 부착성을 향상시키는 것을 목적으로 사용하는 도료
Con-captions	Const	2024	0297	5.000	하도용 도료	철강의 방청을 목적으로 한 부식 방지페인트 
Con-captions	Const	2024	0298	5.000	건비빔	혼합한 미장재료에 아직 반죽용 물을 섞지 않은 상태
Con-captions	Const	2024	0299	5.000	결합재	시멘트, 플라스터, 소석회, 벽토, 합성수지 등으로서, 잔골재, 종석, 흙, 섬유 등 다른 미장재료를 결합하여 경화시키는 재료
Con-captions	Const	2024	0300	5.000	경과시간	동일 공정 내, 공정과 공정 또는 최종 공정과 사용 가능시간 사이의 경과시간은 다음과 같이 구분한다.
Con-captions	Const	2024	0301	5.000	논슬립	계단 디딤판 끝에 금속재 판을 대어 계단을 오르내릴 때 미끄러지는 것을 저감시키기위해 설치하는 철물
Con-captions	Const	2024	0302	5.000	드라이브 핀	타정 방식으로 고정시키는 핀
Con-captions	Const	2024	0303	5.000	레지스터	공기환기구에 사용되는 기성제 통풍 금속물
Con-captions	Const	2024	0304	5.000	롤 플러그	벽에 못을 박을 때 사용하는 플라스틱 못집
Con-captions	Const	2024	0305	5.000	맨홀	하수관 내의 점검이나 청소 등을 위한 출입구에 사용되는 기성제 철물
Con-captions	Const	2024	0306	5.000	앵커볼트	닻과 같이 생긴 것으로, 기계류를 콘크리트 바닥이나 그 밖의 기초에 고정시키기 위해 사용하는 볼트로서 기초 볼트의 일종
Con-captions	Const	2024	0307	5.000	앵커 스크루	콘크리트에 드릴로 구멍을 뚫고 거기에 꽂아서 앵커로 사용하는 철물
Con-captions	Const	2024	0308	5.000	익스펜션 볼트	콘크리트용 볼트 등에 사용하는 타입(打入) 볼트로, 끝이 쪼개져서 벌어지게 되어 있는 볼트
Con-captions	Const	2024	0309	5.000	조이너	팽창 줄눈 보호물 공사에 사용하는 기성제 철물
Con-captions	Const	2024	0310	5.000	줄눈대	테라조 등의 현장갈기에 사용하거나, 바닥용, 천장 및 벽에 사용하는 철물
Con-captions	Const	2024	0311	5.000	코너비드	기둥과 벽 등의 모서리에 설치하여 미장면을 보호하기 위해 설치하는 보호철물
Con-captions	Const	2024	0312	5.000	펀칭메탈	얇은 금속판에 다양한 모양으로 도려낸 장식철물 
Con-captions	Const	2024	0313	5.000	격자	나무, 금속 등을 #자형으로 짠 것
Con-captions	Const	2024	0314	5.000	계단 난간	계단 등의 가장자리에 막아 세운 장식재
Con-captions	Const	2024	0315	5.000	난간 동자	난간 두겁대를 받치는 작은 기둥
Con-captions	Const	2024	0316	5.000	두겁대	난간 동자 위에 가로로 대는 나무
Con-captions	Const	2024	0317	5.000	계단 논슬립	계단 디딤판 끝에 금속재 판을 대어 계단을 오르내릴 때 미끄러지는 것을 저감시키기 위해 설치하는 철물
Con-captions	Const	2024	0318	5.000	레지스터	공기환기구에 사용되는 기성제 통풍 금속물
Con-captions	Const	2024	0319	5.000	맨홀	하수관 내의 점검이나 청소 등을 위한 출입구에 사용되는 기성제 철물
Con-captions	Const	2024	0320	5.000	조이너	팽창 줄눈 보호물 공사에 사용하는 기성제 철물
Con-captions	Const	2024	0321	5.000	줄눈대	테라조 등의 현장갈기에 사용하거나, 바닥용, 천장 및 벽에 사용하는 철물
Con-captions	Const	2024	0322	5.000	코너비드	기둥과 벽 등의 모서리에 설치하여 미장면을 보호하기 위해 설치하는 보호철물
Con-captions	Const	2024	0323	5.000	펀칭메탈	얇은 금속판에 다양한 모양으로 도려낸 장식철물 
Con-captions	Const	2024	0324	5.000	온돌패널	방열관 또는 전열선을 포함하는 패널유닛을 조립하여 방바닥을 구성하는 온돌
Con-captions	Const	2024	0325	5.000	조립식 온돌의 바닥패널	방열관을 설치하기 위한 상부판재와 차음·단열성능을 향상시키기 위하여 단열 완충재를 사용한 하부판재로 구성되는 조립식 바닥판
Con-captions	Const	2024	0326	5.000	개자리	원활한 공기 흐름을 위한 굴뚝 하부의 공간
Con-captions	Const	2024	0327	5.000	고래	연기가 흐르는 통로
Con-captions	Const	2024	0328	5.000	구들	연기에 의해 가열되는 바닥구조체 시스템
Con-captions	Const	2024	0329	5.000	구들장	가열되는 바닥 하부 구조체
Con-captions	Const	2024	0330	5.000	방고래	방바닥 하부의 고래
Con-captions	Const	2024	0331	5.000	불목	아궁이에서 연기가 유동하는 통로중에서 협소한 부분
Con-captions	Const	2024	0332	5.000	불아궁	재료가 연소되는 화로 부분
Con-captions	Const	2024	0333	5.000	허튼고래	고래가 분산되어 구성된 형태
Con-captions	Const	2024	0334	5.000	감압공간	커튼월 부재간의 접합부에 기압의 차에 의해 빗물이 건물 내부에 침입하는 것을 방지하기 위해 설치하는 공간
Con-captions	Const	2024	0335	5.000	개스킷(gasket)	커튼월 부재의 지지 접합부의 실링재로 사용하는 고무탄성을 가진 성형 재료
Con-captions	Const	2024	0336	5.000	경량기포 콘크리트 패널	고온 고압에서 증기양생을 한 경량기포 콘크리트로서 규석, 시멘트, 생석회를 주원료로 하여 생산된 패널
Con-captions	Const	2024	0337	5.000	고름 모르타르	블록의 첫단 작업 시 수평을 맞추기 위해 사용되는 모르타르
Con-captions	Const	2024	0338	5.000	내화줄눈재	내화성능 확보를 위해 패널 사이의 틈새에 충전하는 재료
Con-captions	Const	2024	0339	5.000	단변	패널 주근에 직각인 방향의 변 또는 측면
Con-captions	Const	2024	0340	5.000	담당원	다음 각목에 규정된 자를 말한다.
Con-captions	Const	2024	0341	5.000	목업테스트 (mock- up test )	건물외벽에 설치하는 커튼월 및 창호재의 성능 시험을 실물크기의 커튼월 및 창호를 제작하여 실험시설을 갖춘 장소에서 커튼월 및 창호에 요구되는 성능시험
Con-captions	Const	2024	0342	5.000	프리캐스트 콘크리트 (precast concrete) 커튼월	건물외벽에 부착하는 외벽용 콘크리트 커튼월을 공장에서 미리 노출콘크리트, 타일 및 석재부착 등의 마감재를 붙여 제작한 후 현장에 운반하여 건물외벽에 설치하는 커튼월
Con-captions	Const	2024	0343	5.000	필드테스트(field test)	목업테스트를 거친 커튼월 및 창호재를 현장에 설치한 후 요구되는 성능시험 또는 목업테스트를 하지 않고 현장에 조립하여 설치한 커튼월 및 창호재를 설치한 후 요구되는 성능시험 
Con-captions	Const	2024	0344	5.000	모헤어(mo hair)	창의 외부로부터 들어오는 바람과 먼지를 차단하여 창호틈 사이로 벌레나 해충이 들어오지 못하게 하는 폴리프로필렌 재질의 합성섬유
Con-captions	Const	2024	0345	5.000	문지방(sill)	방과 방의 경계, 혹은 문의 안과 밖의 경계 바닥에 설치하는 부재
Con-captions	Const	2024	0346	5.000	알루미늄 다이스	알루미늄 창호틀(bar)를 생산하기 위해 금속원판에 알루미늄 바의 형태로 구멍을  뚫고 압출 생산 시 필요한 도구
Con-captions	Const	2024	0347	5.000	웨더 스트립(weather strip)	틈마개 (창·문 등의 틈새에 끼워 비바람을 막는 나무나 고무 조각), 문풍지
Con-captions	Const	2024	0348	5.000	EPDM (Ethylene Propylene Diene Monomer)	에틸렌과 폴리필렌을 화학적으로 중합시켜서 고무재질의 중합체를 만든 후에 디엔계열의 화학성분을 첨가하여 성형성이나 탄성 등의 성능을 부여한 고무 제품으로 커튼월 및 외부 창호의 틈을 밀실하게 막는 재료
Con-captions	Const	2024	0349	5.000	창호철물(hardware)	창호의 고정에 사용하는 경첩이나 자물쇠
Con-captions	Const	2024	0350	5.000	개량 아스팔트	합성고무 또는 플라스틱을 첨가하여 성질을 개량한 아스팔트
Con-captions	Const	2024	0351	5.000	경사이음	방수층의 이음면을 경사지게 하여 접합하는 방법
Con-captions	Const	2024	0352	5.000	고정철물	방수층을 바탕에 고정하는 강제의 철물을 말한다.
Con-captions	Const	2024	0353	5.000	규산질계 도포 방수재	콘크리트 표면에 도포하여 콘크리트 자체(표층부)를 치밀하게 변화시켜 고압투수(高壓透水)에 대하여 수밀성을 가지게 하는 재료로서, 분체(粉體) 부분은 주로 시멘트 및 입도 조정된 규사, 규산질 미분말 등으로 구성되어 있으며, 소정량의 물 또는 전용의 폴리머 분산제와 비벼서 사용한다.
Con-captions	Const	2024	0354	5.000	논워킹 조인트(non-working joint)	무브먼트가 생기지 않거나 발생해도 거의 무시할 수 있는 조인트
Con-captions	Const	2024	0355	5.000	누름 고정판 (fix flashing)	바닥방수재를 벽체에 치켜올림 부위의 탈락방지를 위한 금속 또는 플라스틱재의 재료로 고정하는 것
Con-captions	Const	2024	0356	5.000	덧붙임	바탕의 모서리 및 귀퉁이, 드레인 주위 등과 같은 특수한 장소에 방수층의 보강을 위해 별도의 루핑류를 덧붙이는 것
Con-captions	Const	2024	0357	5.000	마스킹 테이프(masking tape)	시공 중 바탕재의 오염 방지와 줄눈의 선을 깨끗하게 마감하기 위해 사용하는 보호 테이프.
Con-captions	Const	2024	0358	5.000	멤브레인(membrane) 방수	아스팔트 방수층, 개량 아스팔트 시트 방수층, 합성고분자계 시트 방수층 및 도막 방수층 등 불투수성 피막을 형성하여 방수하는 공사를 총칭함.
Con-captions	Const	2024	0359	5.000	무브먼트(movement)	부재 접합부의 줄눈, 균열 등에 생기는 거동(擧動) 또는 거동의 양
Con-captions	Const	2024	0360	5.000	밀어올려 붙임	루핑류를 벽면의 아래쪽에서부터 위쪽을 향해 올려붙이는 것
Con-captions	Const	2024	0361	5.000	바탕정리	바탕재와 방수재와의 접착력을 강화시키고 내구성을 확보하기 위해 방수층 시공 전에 바탕재 표면의 들뜸 부분, 요철 부분 등을 평탄하게 하고, 먼지, 돌가루, 유분(거푸집 박리제)등과 같은 바탕재와의 부착을 저해하는 불순물을 제거하는 작업을 의미함.
Con-captions	Const	2024	0362	5.000	발수성(water repellency)	물을 튀기는 성질 또는 표면에 물이 스며들지 않는 성질
Con-captions	Const	2024	0363	5.000	발수제(water repelling agent)	대상 재료의 내부구조에 변화를 주지 않고, 표면에 발수성 피막을 만들어 물의 침투를 막는 재료로, 표면에 물이 접촉하였을 경우에 접촉각을 크게 하여 물방울 상태로 고체표면과 분리되게 한다.
Con-captions	Const	2024	0364	5.000	방근재	식물 뿌리의 성장으로 인한 방수층 및 구조물의 손상을 방지하는데 사용되는 재료를 의미함.
Con-captions	Const	2024	0365	5.000	방수 모르타르	시멘트, 모래와 방수제 및 물을 혼합하여 반죽한 것.
Con-captions	Const	2024	0366	5.000	방수⋅방근층	구조물 녹화 시스템에 있어 물이 건물 전체로 확산되는 것을 차단하며, 식물 뿌리로부터 방수층과 구조물을 보호하는 것을 의미함.
Con-captions	Const	2024	0367	5.000	방수수급인	발주자가 제공하는 설계도서에 따라 방수공사를 수행하는 방수수급인(전문방수공사업자, 이하 수급인이라 함.)를 말함
Con-captions	Const	2024	0368	5.000	방수 시멘트 페이스트	시멘트와 방수제 및 물을 혼합하여 반죽한 것
Con-captions	Const	2024	0369	5.000	방수용액	물에 방수제를 넣어 희석 또는 용해한 것
Con-captions	Const	2024	0370	5.000	방수작업자	방수기술자의 지도를 받아 방수공사를 직접 수행하는 자를 말함.
Con-captions	Const	2024	0371	5.000	방수제	모르타르의 흡수 및 투수에 대한 저항성능을 높이기 위하여 혼입하는 혼화제
Con-captions	Const	2024	0372	5.000	방수층 재형성	기존에 설치된 손상된 방수층과 콘크리트 바탕면 사이에 새로운 누수보수재를 주입하여 방수막을 다시 형성시키는 보수기법
Con-captions	Const	2024	0373	5.000	배후 수압측	방수층이 지하수 또는 물과 접하는 면을 말하며, 현장타설 철근콘크리트 바탕을 경계로 하여 건물의 외측 또는 피트의 외부측을 가리킨다.
Con-captions	Const	2024	0374	5.000	백업(back-up)재	실링재의 줄눈깊이를 소정의 위치로 유지하기 위해 줄눈에 충전하는 성형 재료
Con-captions	Const	2024	0375	5.000	벤토나이트 패널	파형의 단열 심관을 가진 골판지 패널로 심관에는 팽창성의 벤토나이트 점토분말로 채워져 있다.
Con-captions	Const	2024	0376	5.000	벤토나이트 매트	직포 또는 부직포 사이에 벤토나이트를 충전하여 건조 또는 수화된 상태에서 사용하는 매트 형상을 한 것
Con-captions	Const	2024	0377	5.000	벤토나이트 채움재	벤토나이트 알갱이가 생물 분해성 크라프트지나 수용성 플라스틱에 담긴 것으로 기초판과 외벽이 만나는 곳, 시공이음부의 틈메우기에 사용된다.
Con-captions	Const	2024	0378	5.000	벤토나이트 실란트	빙점보다 낮은 온도에서는 물과 부동액으로서, 빙점 이상의 온도에서는 물로 수화시킨 벤토나이트 겔(교화체)을 말하며, 조인트의 충전, 접착 또는 평면 코팅 등에 사용하기 위해 혼합하여 제조된 것
Con-captions	Const	2024	0379	5.000	보강포(布)	도막 방수재와 병용하거나 시트 방수재의 심재로 사용하여 방수층을 보강하는 직포(織布) 혹은 부직포(不織布)의 재료. 일반적으로 유리섬유 제품이나 합성섬유 제품을 사용
Con-captions	Const	2024	0380	5.000	보행용 방수층	방수층의 관리 및 유지보수, 옥상공간의 활용 등을 위해 사람의 보행을 허용하는 방수층으로서, 일반적으로 방수층 위에 콘크리트 층 또는 이와 유사한 마감층을 둠
Con-captions	Const	2024	0381	5.000	보호완충재	지하 외벽의 방수층 표면에 설치하여 토사의 되메우기 시 충격 및 침하의 영향을 제어하는 재료. 일반적으로 발포 플라스틱 폼, 두꺼운 섬유 및 패널 등을 사용.
Con-captions	Const	2024	0382	5.000	보호층	플라스틱 하드 보드, 섬유 혼합 보호판, 모르타르, 경질형 발포 플라스틱 폼 등의 방수층을 보호하기 위하여 설치하는 층
Con-captions	Const	2024	0383	5.000	본드 브레이커(bond breaker)	실링재가 바탕재에 접착되지 않도록 줄눈 바닥에 붙이는 테이프형의 재료
Con-captions	Const	2024	0384	5.000	비고(경)화형 도막재	공기 또는 화학반응형의 소재를 사용하지 않음으로써 상시 굳지 않은 상태를 유지하고, 고형분이 높고, 점도가 큰 점착유연성을 갖는 도막형 방수재
Con-captions	Const	2024	0385	5.000	비보행용 방수층	사람의 보행을 허용하지 않는 방수층으로서, 내구성이 강한 방수재료를 사용하여 대기 중에 노출시키는 노출형과 가볍게 모르타르층 등으로 방수층만을 보호하는 비노출형으로 구분
Con-captions	Const	2024	0386	5.000	녹화시스템	녹화시설의 복합적 성능 발현과 유지에 필수적인 구성요소가 합리적으로 일체화된 기술적 체계이며 구조부, 녹화부, 식생층으로 구분한다.
Con-captions	Const	2024	0387	5.000	녹화시스템 구성층	방수층, 방근층, 보호층, 분리층, 배수층, 여과층, 토양층, 식생층 등을 말한다.
Con-captions	Const	2024	0388	5.000	멀칭(Mulching)층	농작물을 재배할 때, 흙이 마르는 것과 비료가 유실되는 것, 병충해, 잡초 따위를 막기 위해서 볏짚, 보릿짚, 비닐 등으로 땅의 표면을 덮은 층을 말함
Con-captions	Const	2024	0389	5.000	방수층	건축물 구조체 내부로의 수분과 습기의 유입을 차단하는 기능을 하며 녹화시스템의 기반이 되는 구성요소이다.
Con-captions	Const	2024	0390	5.000	방근층	식물의 뿌리가 하부에 있는 녹화시스템 구성요소로 침투, 관통하는 것을 지속적으로 방지하는 기능을 한다. 일반적으로 방수층을 식물의 뿌리로부터 보호하기 위해 방수층 위에 시공되며, 방수 및 방근 기능을 겸하는 방수․방근층으로 조성되기도 한다.
Con-captions	Const	2024	0391	5.000	배수층	토양층의 과포화수를 수용하여 배수 경로를 따라 배출시키는 역할을 담당한다. 구성 방식에 따라 배수층은 저수기능을 겸하고, 뿌리 생장 공간을 증대시키며 하부에 놓인 구성요소를 보호하는 기능을 한다.
Con-captions	Const	2024	0392	5.000	보호층	상부에 위치하는 구성요소에 의해 하부 구성요소가 물리적, 기계적 손상을 입지 않도록 보호하는 기능을 한다. 상부 구성요소의 하중, 답압 및 시공 중 발생 가능한 기계적 손상을 방지하기 위해 적용하며, 녹화시스템의 구성에 따라 시설물 설치를 위한 기반이 되기도 한다.
Con-captions	Const	2024	0393	5.000	분리층	녹화시스템 구성요소간의 화학적 반응이나 상이한 거동 특성으로 인해 발생하는 손상을 예방하는 기능을 하며, 시스템 구성 특성에 따라 필요한 부위에 적용한다.
Con-captions	Const	2024	0394	5.000	식생층	녹화 유형에 알맞은 식물들의 조합으로 녹화시스템의 표면층을 형성하며 필요에 따라 과도한 수분 증발, 토양 침식 또는 풍식, 그리고 이입종의 유입을 방지하기 위해 멀칭층을 포함하기도 한다
Con-captions	Const	2024	0395	5.000	여과층	토양층의 토양과 미세 입자가 하부의 구성요소로 흘러내리거나 용출되는 것을 방지하는 역할을 한다. 시스템의 구성에 따라 여과층이 방근층의 기능을 겸하기도 한다.
Con-captions	Const	2024	0396	5.000	인공지반녹화시스템	건축물의 옥상, 지하주차장의 상부(지붕층)슬래브 등에서 자연으로 조성된 흙 지반이 아닌, 인공으로 조성된 콘크리트 지반 위에 구성된 녹화시스템을 말한다.
Con-captions	Const	2024	0397	5.000	토양층	식물 뿌리의 생장에 필요한 공간을 제공하고 영양과 수분을 공급하는 녹화부의 핵심 구성요소이다. 토양층은 특정한 물리적, 화학적 특성이 요구되고 구조적으로 안정되어야 하며, 식물이 활용할 수 있는 수분을 저장하고 과포화수를 방출할 수 있어야 한다. 또한 최대함수 시 식재된 식물에 필요한 충분한 공기 체적을 보유해야 한다.  
Con-captions	Const	2024	0398	5.000	건조도막	방수·방식재를 바탕에 도포하여 충분한 양생시간을 거쳐 일정두께를 형성한 도막을 말한다
Con-captions	Const	2024	0399	5.000	도막	방수·방식재를 바탕에 도포하여 형성된 성형막(방수·방식층)을 말한다.
Con-captions	Const	2024	0400	5.000	바탕 조정재	바탕처리작업 중의 하나로서 에폭시수지 모르터, 폴리머수지 시멘트 모르터, 퍼티류, 프라이머류 등을 사용하여 방수바탕을 평활하게 혹은 방수·방식재와의 부착력을 강화시킬 목적으로 취해지는 재료 및 작업 말한다.
Con-captions	Const	2024	0401	5.000	바탕처리	바탕재와 방수·방식재와의 부착력을 강화시키고 내구성을 확보하기 위하여, 방수층 시공 전에 표면의 들뜸부분, 요철부분 등을 평탄하게 하고, 레이턴스, 먼지, 돌가루, 기름 또는 거푸집 박리제 등의 이물질이 부착되어 있지 않도록 청소(샌드블라스팅 고압수 세척방법)하며, 취약부, 누수부위 등에 대해서 보수·보강하는 방수·방식공사 직전에 완성되어야 할 바탕청소·정리·조정작업을 말한다.
Con-captions	Const	2024	0402	5.000	방수	콘크리트 구조물의 외부에 존재하는 수분, 습기, 물 등이 콘크리트 구조물 내부로 침입, 투과 하지 못하도록 방지하거나, 수조 구조물 등 콘크리트 구조체 내부에 저장한 물이 구조체 밖으로 새어나가지 못하도록 방지 하는 것을 말한다.
Con-captions	Const	2024	0403	5.000	방수·방식 바탕	콘크리트 수조 내부면을 말한다.
Con-captions	Const	2024	0404	5.000	방수·방식재	콘크리트 수조내부에 방수 및 방식을 위한 재료를 사용하여 콘크리트 구조체를 보호하기 위한 방수와 방식의 역할을 하는 재료를 말한다.
Con-captions	Const	2024	0405	5.000	방식	콘크리트 구조물이 부식성 물질의 화학작용에 의해 침식되어 콘크리트의 수밀성을 상실하게되어 누수가 발생되는데 이러한 콘크리트의 침식을 방지하는 것을 말한다.
Con-captions	Const	2024	0406	5.000	부착강도 측정	방수·방식재의 시공이 완료 된 후 콘크리트 바탕과 방수·방식재와의 접착이 수밀하게 되어있는지 여부를 확인하기 위한 품질관리 시험을 말한다.
Con-captions	Const	2024	0407	5.000	습도막	방수·방식재중 도막계를 콘크리트 바탕에 도포하였을 때 액상형태로 도포되어 경화되지 않은 도막의 상태를 말한다.
Con-captions	Const	2024	0408	5.000	시트계	방수·방식재의 계열중 합성고분자계 시트 및 스테인리스를 콘크리트 구조물 내부에 부착 또는 고정용 앵커를 설치한 후 용접, 열풍융착의 방법으로 물탱크처럼 시트형태의 재료를 수조 내부에 형성하는 재료의 계열을 말한다.
Con-captions	Const	2024	0409	5.000	지하수조	건축물에 있어서 흙으로 덮여져 있어 노출이 되지 않는 지하 구조체로 콘크리트로 조성된 생활용수 또는 음용수를 저장하는 구조를 말한다.
Con-captions	Const	2024	0410	5.000	패널계	방수·방식재의 계열중 자기타일이나 SMC 패널 등의 재료를 타일부착 방법과 같이 일정크기의 사각형태의 성형패널을 접착재로 콘크리트 바탕면에 부착하는 재료의 계열을 말한다.  
Con-captions	Const	2024	0411	5.000	점착 유연형 복합 방수 시트	고체형  방수 물질과  유체형 방수 물질을 상관시켜 각각의 고유 성능이 발현 유지되도록 구성된 복합 방수시트이다. 
Con-captions	Const	2024	0412	5.000	박판	얇은 널빤지나 철판 등
Con-captions	Const	2024	0413	5.000	방습	습기가 눅눅하게 스며드는 것을 막음
Con-captions	Const	2024	0414	5.000	내단열공법	콘크리트조와 같이 열용량이 큰 구조체의 실내측에 단열층을 설치하는 공법
Con-captions	Const	2024	0415	5.000	단열 모르타르 바름	건축물의 바닥, 벽, 천장 및 지붕 등의 열손실 방지를 목적으로 외벽, 지붕, 지하층 바닥면의 안 또는 밖에 경량 단열골재를 주자재로 하여 만들어 흙손 바름, 뿜칠 등에 의하여 미장하는 공사
Con-captions	Const	2024	0416	5.000	단열보강	단면의 열관류저항이 국부적으로 작은 부분을 결로방지 등을 목적으로 보강하는 것
Con-captions	Const	2024	0417	5.000	단열재	자재 자체가 필요한 단열성능을 갖는 자재
Con-captions	Const	2024	0418	5.000	열교	건축물 구성 부위 중에서 단열이 연속되지 않은 경우 국부적으로 열관류율이 커져 열의 이동이 심하게 일어나는 부분
Con-captions	Const	2024	0419	5.000	외단열공법	콘크리트조와 같이 열용량이 큰 구조체의 실외측에 단열층을 설치하는 공법
Con-captions	Const	2024	0420	5.000	중단열공법	구조체 벽체 내에 단열층을 설치하는 공법 
Con-captions	Const	2024	0421	5.000	고름 모르타르	블록의 첫 단 작업 시 수평을 맞추기 위해 사용되는 모르타르
Con-captions	Const	2024	0422	5.000	미장 모르타르	도장마감용 및 표면경도의 강화를 위하여 사용되는 모르타르
Con-captions	Const	2024	0423	5.000	보강철물	블록⋅패널의 교차 부위 또는 모서리 부위, 블록⋅패널과 문틀, 창호의 접합 부위에 보강용으로 사용되는 철물의 총칭
Con-captions	Const	2024	0424	5.000	보수 모르타르	블록의 파손 부위 보수용으로 사용되는 모르타르
Con-captions	Const	2024	0425	5.000	시공도	블록의 종류, 수량, 설치 위치와 방법 등이 포함된 블록 시공에 필요한 도면
Con-captions	Const	2024	0426	5.000	쌓기 모르타르	블록과 블록이 맞닿는 면에 쌓기용으로 사용되는 전용 모르타르
Con-captions	Const	2024	0427	5.000	접합철물	블록상호간 또는 블록 및 패널과 타 부재를 긴결하기 위해 사용되는 철물의 총칭
Con-captions	Const	2024	0428	5.000	제조업자	블록을 생산⋅공급하는 자
Con-captions	Const	2024	0429	5.000	충전 모르타르	블록조적조의 보강용 홈에 충전을 목적으로 사용되는 모르타르
Con-captions	Const	2024	0430	5.000	충전재	블록과 블록, 블록 및 패널과 타 부재와의 틈새에 충전용으로 사용되는 재료 
Con-captions	Const	2024	0431	5.000	가공석	암석을 인공적으로 처리하여 만들어낸 석재
Con-captions	Const	2024	0432	5.000	갱쏘(gang-saw)	일정한 크기의 석재 판재를 대량으로 생산할 수 있는 기계
Con-captions	Const	2024	0433	5.000	근각볼트	머리에 홈이 없는 트러스 머리 형태의 볼트로 머리 밑에 사각형 부분이 있는 볼트
Con-captions	Const	2024	0434	5.000	꺾쇠	양쪽 끝을 구부려 “ㄷ”자 모양으로 만든 철물
Con-captions	Const	2024	0435	5.000	끝고임 석재	석축의 뿌리 끝쪽에 고이는 석재
Con-captions	Const	2024	0436	5.000	날매	석재 수(手)가공 시 사용하는 석재용 공구
Con-captions	Const	2024	0437	5.000	발수제	대상 자재의 내부구조에 변화를 주지 않고, 표면에 발수성 피막을 만들어 물의 침투를 막는 자재로 표면에 물이 접촉하였을 경우에 접촉각을 크게 하여 물방울 상태로 고체 표면과 분리되게 하는 화학제품
Con-captions	Const	2024	0438	5.000	세트앵커	데파볼트＋캡＋와셔＋너트를 조립한 상태
Con-captions	Const	2024	0439	5.000	손갈기	사람이 기계를 조작하여 공정마다 물갈기 공구를 교체하며 광내기하는 것
Con-captions	Const	2024	0440	5.000	수가공	석재용 공구를 이용하여 인공적으로 가공하는 것
Con-captions	Const	2024	0441	5.000	심페드	석재의 중량에 의하여 하부로 밀려나지 않도록 구조체와 앵글 사이에 끼우는 끼움판
Con-captions	Const	2024	0442	5.000	짬	화강암 및 대리석 에 벌어져 사이가 난 부분
Con-captions	Const	2024	0443	5.000	하드보드지	딱딱하고 두꺼운 종이
Con-captions	Const	2024	0444	5.000	할석기	원석을 판석 등으로 가공하는 기계
Con-captions	Const	2024	0445	5.000	혹두기	석재를 뫼 쪽으로 쪼개서 혹이 형성된 모양 그대로의 석재 
Con-captions	Const	2024	0446	5.000	가스트영향계수	바람의 난류로 인해 발생되는 구조물의 동적 거동 성분을 나타내는 것으로 평균변위에 대한 최대변위의 비를 통계적인 값으로 나타낸 계수
Con-captions	Const	2024	0447	5.000	강체건축구조물	바람과 구조물의 동적 상호작용에 의해 발생하는 부가적인 하중효과를 무시할 수 있는 안정된 건축구조물(공진효과를 고려하지 않은 가스트영향계수를 사용하며 건축물의 형상비에 따라 구분)
Con-captions	Const	2024	0448	5.000	거주성	강풍으로 발생하는 진동에 의하여 거주자가 느끼는 불안, 불쾌감 등 삶의 질과 관련된 사항을 말함
Con-captions	Const	2024	0449	5.000	고정하중	구조체와 이에 부착된 비내력 부분 및 각종 설비 등의 중량에 의하여 구조물의 존치기간 중 지속적으로 작용하는 연직하중
Con-captions	Const	2024	0450	5.000	골바람효과	산과 산 사이의 골짜기를 따라 평행하게 바람이 불어가면서 유선이 수평방향으로 수렴하여 풍속이 급격하게 증가하는 현상
Con-captions	Const	2024	0451	5.000	공기력불안정진동	건축물 자신의 진동에 의해 발생하는 부가적인 공기력이 건축물의 감쇠력을 감소시키도록 작용함으로써 진동이 증대되거나 발산하는 현상
Con-captions	Const	2024	0452	5.000	공진계수	건축물 변동 변위의 고유진동수 부근의 진동수 성분의 분산을 나타내는 계수
Con-captions	Const	2024	0453	5.000	구조감쇠	구조체에 진동이 가해지면 일정한 시간이 지나면 진동이 감소되다가 마침내는 진동이 멈춘다. 이처럼 진동이 감소되다가 멈추는 것은 구조체를 구성하는 재료가 진동을 감소시킬 수 있는 능력을 가지고 있기 때문인데 이 성질을 말함
Con-captions	Const	2024	0454	5.000	규모계수	건물의 크기에 따라 발생하는 난류영향의 저하를 나타내는 계수
Con-captions	Const	2024	0455	5.000	기준경도풍 높이	지표면의 거칠기에 의해 발생하는 마찰력의 영향을 받지 않아 풍속이 거의 일정하게 되는 지상으로부터의 높이
Con-captions	Const	2024	0456	5.000	난류강도	바람의 흐트러짐을 정량적으로 나타내기 위한 무차원량으로 변동풍속의 표준편차를 평균풍속으로 나눈 비율
Con-captions	Const	2024	0457	5.000	내압가스트영향계수	건축물 개구부의 크기에 따라 내부에서 발생하는 내압의 변동 정도를 나타내는 척도로서 평균실내압에 대한 최대실내압의 비
Con-captions	Const	2024	0458	5.000	내압계수	건축물 외벽의 틈새나 개구부를 통하여 공기가 건축물 내부로 유입되어 발생하는 내부압력의 정도를 나타내는 계수
Con-captions	Const	2024	0459	5.000	대기경계층	지표면의 영향을 받아 마찰력이 작용함으로써 지상의 높이에 따라 풍속이 변하는 영역
Con-captions	Const	2024	0460	5.000	대기경계층시작높이	지표면의 영향을 받아 연직방향의 풍속이 변화하는 대기층의 시작이 되는 높이(대기경계층 시작 높이 이하에서는 지표면조도구분에 따라 일정풍속으로 한다)
Con-captions	Const	2024	0461	5.000	독립편지붕	벽면이 없이 기둥 부재에 편지붕만 있는 지붕구조물
Con-captions	Const	2024	0462	5.000	레벨크로싱수	구조물이 진동하는 경우 단위시간에 주어진 임의 레벨을 정의구배로 교차할 횟수로 단위는 Hz임.
Con-captions	Const	2024	0463	5.000	버펫팅	시시각각 변하는 바람의 난류성분이 물체에 닫아 물체를 풍방향으로 불규칙하게 진동시키는 현상
Con-captions	Const	2024	0464	5.000	변장비	건축물의 깊이 를 폭 로 나눈 비율. 즉 , 폭 를 깊이 로 나눈 비율. 즉
Con-captions	Const	2024	0465	5.000	부하면적	연직하중전달 구조부재가 분담하는 하중의 크기를 바닥면적으로 나타낸 것
Con-captions	Const	2024	0466	5.000	비공진계수	건축물 변동변위의 고유진동수 부근 이외의 진동수 성분의 분산을 나타내는 계수
Con-captions	Const	2024	0467	5.000	비틀림진동	난류의 비정상적 운동 및 박리로 인해 건축물에 불안정하게 비틀림이 유발되는 진동형태
Con-captions	Const	2024	0468	5.000	설계속도압	건축물설계용 풍하중을 결정하기 위한 평균풍속의 등가정적 속도압
Con-captions	Const	2024	0469	5.000	설계풍속	기본풍속에 대하여 건설지점의 지표면상태에 따른 풍속의 고도분포와 지형조건에 따른 풍속의 할증 및 건축물의 중요도에 따른 설계재현기간을 고려한 풍속으로 설계속도압 산정의 기본이 되는 풍속
Con-captions	Const	2024	0470	5.000	설계하중	이 기준에 따라 건축구조물이 저항해야 하는 하중
Con-captions	Const	2024	0471	5.000	설계홍수	환경부 홍수위험지도의 홍수재해지역의 홍수. 그 외 합법적으로 지정된 지역의 홍수
Con-captions	Const	2024	0472	5.000	설계홍수위	설계홍수의 높이로 파고를 포함하며, 각 지역의 홍수위험지도에 표시한 자료에 대한 것임.
Con-captions	Const	2024	0473	5.000	순압력계수	지붕이나 막 등의 경우 상부와 하부에 동시에 작용하는 풍압력의 차를 기준높이에서의 속도압으로 무차원화한 것.
Con-captions	Const	2024	0474	5.000	와류진동	건축물 배후면에서 좌우 상호 규칙적으로 발생하는 와류의 영향에 의해 발생하는 건축물의 진동
Con-captions	Const	2024	0475	5.000	외압가스트영향계수	외압의 변동 정도를 나타내는 척도로서 평균외압에 대한 최대외압의 비
Con-captions	Const	2024	0476	5.000	외압계수	건축물 외피의 임의 수압면에 가해지는 평균풍압과 기준 높이에서 속도압의 비
Con-captions	Const	2024	0477	5.000	유연건축구조물	바람과 구조물의 동적 상호작용에 의하여 부가적인 하중이 발생하는 바람에 민감한 건축구조물(동적 효과가 고려된 가스트영향계수를 사용해야 하며, 건축물의 형상비에 따라 구분된다.)
Con-captions	Const	2024	0478	5.000	유효수압면적	풍하중을 산정하는데 기본이 되는 유효면적으로 풍방향 직각에 대한 투영면적. 다만, 외장재의 경우에는 외장재 하중분담 표면적
Con-captions	Const	2024	0479	5.000	인접효과	건축물의 일정거리 풍상측에 장애물이 있는 경우 건축물은 장애물의 영향을 받아 진동이 증가하고 이로 인하여 건축물 전체에 가해지는 풍응답이 증가하며, 외장재에 작용하는 국부풍압도 크게 증가하는 현상
Con-captions	Const	2024	0480	5.000	장비요소	건물 내·외부의 기계적 요소, 전기적 요소 또는 기계시스템의 한 부분이나 전기시스템의 한 부분
Con-captions	Const	2024	0481	5.000	재현기간	일정 규모의 바람이 다시 내습할 때까지의 통계적 기간년수
Con-captions	Const	2024	0482	5.000	설하중	쌓인 눈의 중량에 의하여 건축구조물에 작용하는 하중
Con-captions	Const	2024	0483	5.000	주골조	풍하중에 저항하여 전체구조물을 지지하거나 안정시키기 위하여 배치된 구조골조 또는 구조부재들의 집합으로서 구조물 전체에 작용하는 풍하중을 지반에 전달하는 역할을 함. 기둥, 보, 지붕보, 도리 등을 말함. 또한, 구조부재인 브레이스, 전단벽, 지붕트러스, 지붕막 등이 전체하중을 전달하기 위하여 사용되었다면 주골조로 봄
Con-captions	Const	2024	0484	5.000	주골조설계용 풍하중	구조물 전체에 가해지는 풍하중에 저항하는 구조부재들을 설계하기 위하여 사용하는 풍하중
Con-captions	Const	2024	0485	5.000	지붕골조설계용 풍하중	건축물의 지붕골조설계에 사용되는 풍하중
Con-captions	Const	2024	0486	5.000	지붕활하중	유지·보수 작업시 작업자, 장비 및 자재에 의한 작업하중 또는 점유·사용과는 무관한 화분 또는 이와 유사한 소형 장식물 등 이동 가능한 물체에 의하여 지붕에 작용하는 하중
Con-captions	Const	2024	0487	5.000	지표면조도구분	지표면의 거칠기 상태로 일정지역의 지표면 거칠기에 해당하는 장애물이 바람에 노출된 정도의 구분
Con-captions	Const	2024	0488	5.000	지하수압	지하수위에 의하여 구조물에 작용하는 하중
Con-captions	Const	2024	0489	5.000	지형계수	언덕 및 산 경사지의 정점 부근에서 풍속이 증가하므로 이에 따른 정점 부근의 풍속을 증가시키는 계수
Con-captions	Const	2024	0490	5.000	특별풍하중	바람의 직접적인 작용 또는 간접적인 작용을 받는 대상건축물 및 공작물에서 발생하는 현상이 매우 불규칙하고 복잡하여 풍하중을 평가시키는 방법이 확립되어 있지 않기 때문에 풍동실험을 통하여 풍하중을 평가해야만 하는 경우
Con-captions	Const	2024	0491	5.000	풍력계수	구조체와 지붕골조 또는 기타 구조물 등의 설계풍압을 산정하기 위한 계수로서 기타 구조물이나 독립편지붕 등의 경우에는 풍력계수 를 직접 사용하고, 주골조용의 풍력계수는 풍상측 외압계수 와 풍하측 외압계수 를 함께 고려한 로 산정하며, 지붕골조용 풍력계수는 외압계수 와 내압계수 를 함께 고려한 로 산정함
Con-captions	Const	2024	0492	5.000	풍방향진동가속도	바람의 난동작용으로 건축물이 바람이 부는 방향으로 진동하여 발생하는 가속도
Con-captions	Const	2024	0493	5.000	풍상측	바람이 불어와서 맞닿는 쪽
Con-captions	Const	2024	0494	5.000	풍속고도분포계수	지표면의 고도에 따라 기준경도풍 높이까지의 풍속의 증가분포를 지수법칙에 의해 표현했을 때의 수직방향 분포계수
Con-captions	Const	2024	0495	5.000	풍속변동계수	가스트영향계수를 평가할 때 지표면의 상태에 따라 변하는 난류강도의 영향을 반영하기 위한 계수
Con-captions	Const	2024	0496	5.000	풍압계수	주골조의 설계풍압을 산정할 때는 외압계수 와 내압계수 로 구성되며, 외장재의 설계풍압을 산정할 때에는 피크외압계수 와 피크내압계수 로 구성
Con-captions	Const	2024	0497	5.000	풍직각방향진동	난류의 비정상적인 운동 및 건축물 배후면의 양측에서 규칙적으로 발생하는 와류에 의해 바람부는 직각방향으로 유발되는 건축물의 진동형태
Con-captions	Const	2024	0498	5.000	풍직각방향진동가속도	건축물 양쪽 모서리부에서 배후면의 좌우쪽으로 상호 규칙적으로 발생되는 와류에 의하여 건축물이 바람부는 직각방향으로 진동하여 발생하는 가속도
Con-captions	Const	2024	0499	5.000	풍하측	바람이 불어와 맞닿는 측의 반대쪽으로 바람이 빠져나가는 측
Con-captions	Const	2024	0500	5.000	피크내압계수	외장재 설계용 풍하중 산정에 필요한 가스트영향계수와 내압계수를 함께 고려한 순간 최대에 상응하는 값
Con-captions	Const	2024	0501	5.000	피크외압계수	외장재 설계용 풍하중 산정에 필요한 가스트영향계수와 외압계수를 함께 고려한 순간 최대에 상응하는 값
Con-captions	Const	2024	0502	5.000	하중조합	동시에 작용하는 각각의 설계하중에 하중계수를 곱하여 합한 것
Con-captions	Const	2024	0503	5.000	형상비	건축물 높이 를 바닥면의 평균길이 로 나눈 비율(을 말하는 것으로 는 건물폭, 는 건물 깊이)
Con-captions	Const	2024	0504	5.000	활하중	건축물 및 공작물을 점유·사용함으로써 발생하는 하중
Con-captions	Const	2024	0505	5.000	활화중저감계수	영향면적에 따른 저감효과를 고려하기 위해 활하중에 곱하는 계수
Con-captions	Const	2024	0506	5.000	홍수위험지역	설계홍수 상황에서 홍수발생 지역
Con-captions	Const	2024	0507	5.000	홍수위험지도	환경부의  홍수심도을 표시한 지도
Con-captions	Const	2024	0508	5.000	후류버펫팅	풍상측에 놓인 물체에 의해 생성된 변동기류가 풍하측 물체에 작용하여 발생하는 불규칙한 진동 
Con-captions	Const	2024	0514	5.000	감쇠	점성, 소성 또는 마찰에 의해 구조물에 입력된 동적 에너지가 소산되어 구조물의 진동이 감소하는 현상
Con-captions	Const	2024	0514	5.000	감쇠시스템	개별 감쇠장치 및 그로부터 구조물의 기초와 지진력저항시스템에 하중을 전달하는 구조요소 또는 가새 등을 모두 포함하는 구조체.
Con-captions	Const	2024	0514	5.000	감쇠장치	감쇠시스템의 일부로서 장치 양 단부의 상대적 움직임에 따라 에너지를 소산시키는 유연한 구조요소. 감쇠장치를 다른 구조요소에 연결하기 위해 필요한 핀, 볼트, 거싯플레이트, 가새연장재 등의 구성요소들을 모두 포함. 감쇠장치는 변위의존형이나 속도의존형 또는 이들의 조합형으로 분류할 수 있으며, 선형 또는 비선형으로 거동.
Con-captions	Const	2024	0514	5.000	강한격막	유연한 격막으로 분류되지 않는 격막. 
Con-captions	Const	2024	0514	5.000	건물골조방식	수직하중은 입체골조가 저항하고, 지진하중은 전단벽이나 가새골조가 저항하는 구조방식. 
Con-captions	Const	2024	0514	5.000	건물외구조물	건축법과 주택법의 적용을 받는 구조물 중 건물을 제외한 구조물
Con-captions	Const	2024	0515	5.000	건물과 유사한 건물외구조물	건물외구조물 중 건물과 유사한 형태를 가지나 강도, 강성 혹은 질량의 분포가 건물과 다른 구조물.
Con-captions	Const	2024	0516	5.000	건물과 유사하지 않은 건물외구조물	건물외구조물 중 건물과 유사하지 않은 형태를 가지는 구조물.
Con-captions	Const	2024	0514	5.000	경계요소	격막이나 전단벽의 가장자리, 내부 개구부, 불연속면과 요각부에서의 인장 혹은 압축요소와 수집재.
Con-captions	Const	2024	0517	5.000	내진성능목표	설계지반운동에 대해 내진성능수준을 만족하도록 요구하는 내진설계의 목표
Con-captions	Const	2024	0518	5.000	내진성능수준	설계지진에 대해 시설물에 요구되는 성능수준. 기능수행수준, 즉시복구수준, 장기복구/인명보호수준과 붕괴방지수준으로 구분
Con-captions	Const	2024	0519	5.000	성능기반 내진설계	엄격한 규정 및 절차에 따라 설계하는 사양기반설계에서 벗어나서 목표로 하는 내진성능수준을 달성할 수 있는 다양한 설계기법의 적용을 허용하는 설계 
Con-captions	Const	2024	0514	5.000	속도의존형 감쇠장치	하중응답이 주로 장치 양 단부 사이의 상대속도에 의해 결정되는 감쇠장치로서, 추가로 상대변위의 함수에 종속될 수도 있음.
Con-captions	Const	2024	0514	5.000	수집재	구조물의 일부분으로부터 지진력저항시스템의 수직요소로 횡력을 전달하기 위해 설치된 부재 혹은 요소.
Con-captions	Const	2024	0514	5.000	연성모멘트골조	횡력에 대한 저항능력을 증가시키기 위하여 부재와 접합부의 연성을 증가시킨 모멘트골조. 중연성도와 고연성도의 연성능력을 발휘할 수 있도록 각 재료기준에 따라서 연성요구조건을 만족해야 함.
Con-captions	Const	2024	0514	5.000	유연한 격막	격막의 횡변위가 그 층에서 평균 층간변위의 두 배를 초과하는 격막, 층전단력과 비틀림의 분포를 위하여 유연한 격막으로 분류.
Con-captions	Const	2024	0514	5.000	유효감쇠	면진시스템의 이력거동에 의해 소산되는 에너지로부터 산정되는 등가점성감쇠.
Con-captions	Const	2024	0514	5.000	유효강성	면진시스템의 수평력을 그에 상응하는 수평변위로 나눈 값.
Con-captions	Const	2024	0520	5.000	유효지반가속도	지진하중을 산정하기 위한 기반암의 지반운동 수준으로 유효수평지반가속도와 유효수직지반가속도로 구분
Con-captions	Const	2024	0521	5.000	재현주기	지진과 같은 자연재해가 특정한 크기 이상으로 발생할 주기를 확률적으로 계산한 값으로, 일년 동안에 특정한 크기 이상의 자연재해가 발생할 확률의 역수
Con-captions	Const	2024	0522	5.000	지반종류	지반의 지진증폭특성을 나타내기 위해 분류하는 지반의 종류
Con-captions	Const	2024	0523	5.000	지반증폭계수	기반암의 스펙트럼 가속도에 대한 지표면의 스펙트럼 가속도의 증폭비율
Con-captions	Const	2024	0524	5.000	지진구역	유사한 지진위험도를 갖는 행정구역 구분으로서 지진구역I, 지진구역II로 구분
Con-captions	Const	2024	0525	5.000	지진위험도 (=지진재해도)	내진설계의 기초가 되는 지진구역을 설정하기 위하여 과거의 지진기록과 지질 및 지반특성 등을 종합적으로 분석하여 산정한 지진재해의 연초과 발생빈도
Con-captions	Const	2024	0526	5.000	최대응답	응답의 절대값의 최댓값
Con-captions	Const	2024	0527	5.000	특수모멘트골조	연성모멘트골조의 일종으로서 고연성도의 연성능력을 가지도록 설계된 모멘트골조.
Con-captions	Const	2024	0528	5.000	깊은기초	기초의 지반 근입 깊이가 깊고 상부구조물의 하중을 말뚝 등에 의해 깊은 지지층으로 전달하는 기초형식
Con-captions	Const	2024	0529	5.000	나선형 말뚝	공장에서 제작된 중심 축과 하나 이상의 나선형 베어링 플레이트로 구성된 강재 말뚝
Con-captions	Const	2024	0530	5.000	마이크로 파일	지반에 구멍을 뚫고 강봉을 삽입하여 그라우트한  깊은 기초이며 소구경 말뚝이라고 함.
Con-captions	Const	2024	0531	5.000	얕은기초	기초 폭에 비하여 근입 깊이가 얕고 상부 구조물의 하중을 분산시켜 기초하부 지반에 직접 전달하는 기초
Con-captions	Const	2024	0532	5.000	암반소켓(rock socket)	말뚝의 일부를 근입시키기 위해 암반에 형성한 구멍
Con-captions	Const	2024	0533	5.000	암반정착파일(rock socketed pile)	암반과의 지압, 접착력 또는 마찰을 통해 하중저항력이 생기도록 암반정착소켓에 선단 일부가 근입된 말뚝
Con-captions	Const	2024	0534	5.000	지반 조사	각종 시설물의 설계 및 시공에 필요한 지반정보를 얻기 위해 실시하는 조사
Con-captions	Const	2024	0535	5.000	파일캡	구조물의 상부로부터의 하중을 단일말뚝 또는 무리말뚝으로 전달하기 위해 단일말뚝 또는 무리말뚝의 머리 위에 만든 콘크리트 구조물
Con-captions	Const	2024	0536	5.000	현장조사	부지의 물리적 특성을 조사하는 것
Con-captions	Const	2024	0537	5.000	허용하중	극한지지력, 부마찰력, 말뚝간격, 기초 하부 지반의 전반적인 지지력 및 허용침하를 고려한 후 기초에 안전하게 적용할 수 있는 최대하중
Con-captions	Const	2024	0538	5.000	전인장조임접합	설계기준 최소 전인장으로 조인 고장력볼트 접합
Con-captions	Const	2024	0539	5.000	책임기술자(supervisor)	강구조 공사에 관한 전문지식을 가지고  강구조 공사의 설계 및 시공에 대하여 책임을 가지고 있는 자 또는 책임자로부터 각 공사에 대하여 책임의 일부분을 부담 받은 자로서, 정부가 임명한 기술담당 공무원 또는 그의 대리인이거나 건축법, 주택법 상의 감리원과 건설기술진흥법 상의 건설사업관리기술자 또는 발주자가 지정한 감독자나 감독 보조원를 의미한다.
Con-captions	Const	2024	0540	5.000	치올림	보나 트러스 등 수평부재에서 하중재하 시 생길 처짐을 고려하여 미리 중앙부를 들어 올리는 것
Con-captions	Const	2024	0541	5.000	품질관리	계약 및 제작⋅설치 요구사항을 만족시켰음을 입증하기 위해 강구조 제작자와 설치자가 수행하는 강구조 공장과 현장의 관리절차
Con-captions	Const	2024	0542	5.000	품질보증	건물주나 그 대리인에게 신뢰를 주기 위해 강구조 공장과 현장의 행위절차 및 건물주 또는 관리감독자가 수행하는 관리절차
Con-captions	Const	2024	0543	5.000	품질확보계획	품질요구사항, 시방서, 계약서류에 구조물이 부합토록 하기 위한 조건, 절차, 품질검사, 재료, 기록 등을 서면으로 기술한 문건
Con-captions	Const	2024	0544	5.000	프로토타입	특수 및 중간모멘트골조, 편심 및 좌굴방지가새골조 등의 건물에 실제로 사용될 접합부 또는 가새의 설계물 
Con-captions	Const	2024	0545	5.000	화염막이	구조체의 내부공간을 타고 화염이 인접한 구역으로 전파되는 것을 방지하기 위하여 구조체 내부를 가로질러 설치되는 부재  
Con-captions	Const	2024	0546	5.000	유리	규사, 소다회, 탄산석회 등의 혼합물을 고온에서 녹인 후 냉각화과정에서 결정화가 이루어지지 않은 투명도가 높은 고체
Con-captions	Const	2024	0547	5.000	비강화유리	열처리나 추가 보강하지 않은 유리
Con-captions	Const	2024	0548	5.000	망입유리	규산염유리 내부에 철망을 삽입하여 화재시 유리가 파손되어도 유리파편의 비산을 최소화한 유리
Con-captions	Const	2024	0549	5.000	내열유리	일반유리에 비해 구조적으로 단단한 경질유리로 내열강화유리, 저팽창방화유리, 내열결정화 유리가 있다.
Con-captions	Const	2024	0550	5.000	저방사유리(로이유리)	시설물 에너지 누출을 저감하기 위하여 태양의 적외선의 반사 및 실내 온도 방출을 저감시킨 유리
Con-captions	Const	2024	0551	5.000	테두리구조	유리판을 지지하는 강재 및 알루미늄 테두리 프레임 구조 

